,ticker,investorname_x,securitytype_x,calendardate_x,value_x,units_x,price_x,investorname_y,securitytype_y,calendardate_y,value_y,units_y,price_y,units_chg,price_chg,action,scale
0,MSFT,KILTEARN PARTNERS LLP,SHR,2014-03-31,70349000,1716256,40.0,KILTEARN PARTNERS LLP,SHR,2013-12-31,43080000,1150956,37.0,565300,3.0,BUY-MORE,5 - Large
1,GS,KILTEARN PARTNERS LLP,SHR,2014-03-31,69301000,422953,163.0,KILTEARN PARTNERS LLP,SHR,2013-12-31,45796000,258353,177.0,164600,-14.0,BUY-MORE,5 - Large
2,MS,KILTEARN PARTNERS LLP,SHR,2014-03-31,65817000,2111541,31.0,KILTEARN PARTNERS LLP,SHR,2013-12-31,44291000,1412341,31.0,699200,0.0,BUY-MORE,6 - Mega
3,GLW,KILTEARN PARTNERS LLP,SHR,2014-03-31,64879000,3116200,20.0,KILTEARN PARTNERS LLP,SHR,2013-12-31,40426000,2268600,17.0,847600,3.0,BUY-MORE,5 - Large
4,NBR,KILTEARN PARTNERS LLP,SHR,2014-03-31,63156000,2562100,24.0,KILTEARN PARTNERS LLP,SHR,2013-12-31,29250000,1721600,16.0,840500,8.0,BUY-MORE,6 - Mega
5,C,KILTEARN PARTNERS LLP,SHR,2014-03-31,62109000,1304810,47.0,KILTEARN PARTNERS LLP,SHR,2013-12-31,40016000,767910,52.0,536900,-5.0,BUY-MORE,5 - Large
6,BAC,KILTEARN PARTNERS LLP,SHR,2014-03-31,61883000,3597847,17.0,KILTEARN PARTNERS LLP,SHR,2013-12-31,37476000,2406947,15.0,1190900,2.0,BUY-MORE,5 - Large
7,BK,KILTEARN PARTNERS LLP,SHR,2014-03-31,60138000,1704121,35.0,KILTEARN PARTNERS LLP,SHR,2013-12-31,39735000,1137221,34.0,566900,1.0,SELL-PARTIAL,5 - Large
8,Y,KILTEARN PARTNERS LLP,SHR,2014-03-31,59111000,145100,407.0,KILTEARN PARTNERS LLP,SHR,2013-12-31,22758000,56900,399.0,88200,8.0,BUY-MORE,5 - Large
9,STI,KILTEARN PARTNERS LLP,SHR,2014-03-31,38027000,955700,39.0,KILTEARN PARTNERS LLP,SHR,2013-12-31,23860000,648200,36.0,307500,3.0,SELL-PARTIAL,6 - Mega
10,PKX,KILTEARN PARTNERS LLP,SHR,2014-03-31,37100000,534500,69.0,KILTEARN PARTNERS LLP,SHR,2013-12-31,20569000,263700,78.0,270800,-9.0,SELL-PARTIAL,5 - Large
11,CNA,KILTEARN PARTNERS LLP,SHR,2014-03-31,36269000,849000,42.0,KILTEARN PARTNERS LLP,SHR,2013-12-31,24456000,570200,42.0,278800,0.0,SELL-PARTIAL,5 - Large
12,IM,KILTEARN PARTNERS LLP,SHR,2014-03-31,34168000,1155900,29.0,KILTEARN PARTNERS LLP,SHR,2013-12-31,17982000,766500,23.0,389400,6.0,SELL-PARTIAL,5 - Large
13,NOC,KILTEARN PARTNERS LLP,SHR,2014-03-31,31709000,257000,123.0,KILTEARN PARTNERS LLP,SHR,2013-12-31,20882000,182200,114.0,74800,9.0,SELL-PARTIAL,5 - Large
14,LMT,KILTEARN PARTNERS LLP,SHR,2014-03-31,28828000,176600,163.0,KILTEARN PARTNERS LLP,SHR,2013-12-31,29583000,199000,148.0,-22400,15.0,SELL-PARTIAL,5 - Large
15,SKM,KILTEARN PARTNERS LLP,SHR,2014-03-31,28459000,1260900,22.0,KILTEARN PARTNERS LLP,SHR,2013-12-31,20622000,837600,24.0,423300,-2.0,SELL-PARTIAL,5 - Large
16,KT,KILTEARN PARTNERS LLP,SHR,2014-03-31,22082000,1589800,13.0,KILTEARN PARTNERS LLP,SHR,2013-12-31,15790000,1061900,14.0,527900,-1.0,SELL-PARTIAL,5 - Large
17,BRK.B,KILTEARN PARTNERS LLP,SHR,2014-03-31,19783000,158300,124.0,KILTEARN PARTNERS LLP,SHR,2013-12-31,12757000,107600,118.0,50700,6.0,SELL-PARTIAL,5 - Large
18,HPQ,KILTEARN PARTNERS LLP,SHR,2014-03-31,19568000,604686,32.0,KILTEARN PARTNERS LLP,SHR,2013-12-31,21836000,780400,27.0,-175714,5.0,SELL-PARTIAL,4 - Mid
19,ARW,KILTEARN PARTNERS LLP,SHR,2014-03-31,17493000,294700,59.0,KILTEARN PARTNERS LLP,SHR,2013-12-31,10861000,200200,54.0,94500,5.0,BUY-MORE,5 - Large
20,PTEN,KILTEARN PARTNERS LLP,SHR,2014-03-31,10464000,330301,31.0,KILTEARN PARTNERS LLP,SHR,2013-12-31,20243000,799501,25.0,-469200,6.0,BUY-MORE,3 - Small
21,TRI,KILTEARN PARTNERS LLP,SHR,2014-03-31,9367000,273600,34.0,KILTEARN PARTNERS LLP,SHR,2013-12-31,7043000,186300,37.0,87300,-3.0,SELL-PARTIAL,4 - Mid
0,GS,KILTEARN PARTNERS LLP,SHR,2014-06-30,91615000,547153,167.0,KILTEARN PARTNERS LLP,SHR,2014-03-31,69301000,422953,163.0,124200,4.0,BUY-MORE,5 - Large
1,MSFT,KILTEARN PARTNERS LLP,SHR,2014-06-30,86651000,2077956,41.0,KILTEARN PARTNERS LLP,SHR,2014-03-31,70349000,1716256,40.0,361700,1.0,BUY-MORE,5 - Large
2,MS,KILTEARN PARTNERS LLP,SHR,2014-06-30,82737000,2559141,32.0,KILTEARN PARTNERS LLP,SHR,2014-03-31,65817000,2111541,31.0,447600,1.0,BUY-MORE,6 - Mega
3,Y,KILTEARN PARTNERS LLP,SHR,2014-06-30,77416000,176700,438.0,KILTEARN PARTNERS LLP,SHR,2014-03-31,59111000,145100,407.0,31600,31.0,BUY-MORE,5 - Large
4,BK,KILTEARN PARTNERS LLP,SHR,2014-06-30,77180000,2059221,37.0,KILTEARN PARTNERS LLP,SHR,2014-03-31,60138000,1704121,35.0,355100,2.0,BUY-MORE,6 - Mega
5,BAC,KILTEARN PARTNERS LLP,SHR,2014-06-30,74524000,4848647,15.0,KILTEARN PARTNERS LLP,SHR,2014-03-31,61883000,3597847,17.0,1250800,-2.0,BUY-MORE,5 - Large
6,C,KILTEARN PARTNERS LLP,SHR,2014-06-30,74499000,1581710,47.0,KILTEARN PARTNERS LLP,SHR,2014-03-31,62109000,1304810,47.0,276900,0.0,BUY-MORE,5 - Large
7,GLW,KILTEARN PARTNERS LLP,SHR,2014-06-30,72646000,3309600,21.0,KILTEARN PARTNERS LLP,SHR,2014-03-31,64879000,3116200,20.0,193400,1.0,SELL-PARTIAL,5 - Large
8,L,KILTEARN PARTNERS LLP,SHR,2014-06-30,48970000,1112700,44.0,KILTEARN PARTNERS LLP,SHR,2014-03-31,22695000,515200,44.0,597500,0.0,BUY-MORE,5 - Large
9,PKX,KILTEARN PARTNERS LLP,SHR,2014-06-30,48140000,646700,74.0,KILTEARN PARTNERS LLP,SHR,2014-03-31,37100000,534500,69.0,112200,5.0,SELL-PARTIAL,6 - Mega
10,IM,KILTEARN PARTNERS LLP,SHR,2014-06-30,46768000,1601100,29.0,KILTEARN PARTNERS LLP,SHR,2014-03-31,34168000,1155900,29.0,445200,0.0,SELL-PARTIAL,5 - Large
11,STI,KILTEARN PARTNERS LLP,SHR,2014-06-30,46385000,1157900,40.0,KILTEARN PARTNERS LLP,SHR,2014-03-31,38027000,955700,39.0,202200,1.0,SELL-PARTIAL,5 - Large
12,CNA,KILTEARN PARTNERS LLP,SHR,2014-06-30,41576000,1028600,40.0,KILTEARN PARTNERS LLP,SHR,2014-03-31,36269000,849000,42.0,179600,-2.0,SELL-PARTIAL,5 - Large
13,KT,KILTEARN PARTNERS LLP,SHR,2014-06-30,39896000,2635156,15.0,KILTEARN PARTNERS LLP,SHR,2014-03-31,22082000,1589800,13.0,1045356,2.0,SELL-PARTIAL,5 - Large
14,SKM,KILTEARN PARTNERS LLP,SHR,2014-06-30,39535000,1524100,25.0,KILTEARN PARTNERS LLP,SHR,2014-03-31,28459000,1260900,22.0,263200,3.0,SELL-PARTIAL,5 - Large
15,VZ,KILTEARN PARTNERS LLP,SHR,2014-06-30,31447000,641775,49.0,KILTEARN PARTNERS LLP,SHR,2014-03-31,18538000,388810,47.0,252965,2.0,SELL-PARTIAL,5 - Large
16,BRK.B,KILTEARN PARTNERS LLP,SHR,2014-06-30,23970000,189400,126.0,KILTEARN PARTNERS LLP,SHR,2014-03-31,19783000,158300,124.0,31100,2.0,SELL-PARTIAL,5 - Large
17,ARW,KILTEARN PARTNERS LLP,SHR,2014-06-30,21349000,353400,60.0,KILTEARN PARTNERS LLP,SHR,2014-03-31,17493000,294700,59.0,58700,1.0,SELL-PARTIAL,5 - Large
18,NOC,KILTEARN PARTNERS LLP,SHR,2014-06-30,16844000,140800,119.0,KILTEARN PARTNERS LLP,SHR,2014-03-31,31709000,257000,123.0,-116200,-4.0,SELL-PARTIAL,4 - Mid
19,TRI,KILTEARN PARTNERS LLP,SHR,2014-06-30,12036000,330000,36.0,KILTEARN PARTNERS LLP,SHR,2014-03-31,9367000,273600,34.0,56400,2.0,BUY-MORE,5 - Large
0,GS,KILTEARN PARTNERS LLP,SHR,2014-09-30,120817000,658153,183.0,KILTEARN PARTNERS LLP,SHR,2014-06-30,91615000,547153,167.0,111000,16.0,BUY-MORE,5 - Large
1,MSFT,KILTEARN PARTNERS LLP,SHR,2014-09-30,115773000,2497256,46.0,KILTEARN PARTNERS LLP,SHR,2014-06-30,86651000,2077956,41.0,419300,5.0,BUY-MORE,5 - Large
2,C,KILTEARN PARTNERS LLP,SHR,2014-09-30,108636000,2096410,51.0,KILTEARN PARTNERS LLP,SHR,2014-06-30,74499000,1581710,47.0,514700,4.0,BUY-MORE,6 - Mega
3,MS,KILTEARN PARTNERS LLP,SHR,2014-09-30,106093000,3068941,34.0,KILTEARN PARTNERS LLP,SHR,2014-06-30,82737000,2559141,32.0,509800,2.0,BUY-MORE,5 - Large
4,BAC,KILTEARN PARTNERS LLP,SHR,2014-09-30,99150000,5815247,17.0,KILTEARN PARTNERS LLP,SHR,2014-06-30,74524000,4848647,15.0,966600,2.0,BUY-MORE,6 - Mega
5,BK,KILTEARN PARTNERS LLP,SHR,2014-09-30,95885000,2475721,38.0,KILTEARN PARTNERS LLP,SHR,2014-06-30,77180000,2059221,37.0,416500,1.0,BUY-MORE,5 - Large
6,Y,KILTEARN PARTNERS LLP,SHR,2014-09-30,88815000,212400,418.0,KILTEARN PARTNERS LLP,SHR,2014-06-30,77416000,176700,438.0,35700,-20.0,BUY-MORE,5 - Large
7,GLW,KILTEARN PARTNERS LLP,SHR,2014-09-30,77602000,4012500,19.0,KILTEARN PARTNERS LLP,SHR,2014-06-30,72646000,3309600,21.0,702900,-2.0,SELL-PARTIAL,5 - Large
8,PKX,KILTEARN PARTNERS LLP,SHR,2014-09-30,58891000,775900,75.0,KILTEARN PARTNERS LLP,SHR,2014-06-30,48140000,646700,74.0,129200,1.0,BUY-MORE,5 - Large
9,L,KILTEARN PARTNERS LLP,SHR,2014-09-30,55791000,1339200,41.0,KILTEARN PARTNERS LLP,SHR,2014-06-30,48970000,1112700,44.0,226500,-3.0,SELL-PARTIAL,6 - Mega
10,KT,KILTEARN PARTNERS LLP,SHR,2014-09-30,53977000,3329856,16.0,KILTEARN PARTNERS LLP,SHR,2014-06-30,39896000,2635156,15.0,694700,1.0,SELL-PARTIAL,5 - Large
11,IM,KILTEARN PARTNERS LLP,SHR,2014-09-30,49674000,1924600,25.0,KILTEARN PARTNERS LLP,SHR,2014-06-30,46768000,1601100,29.0,323500,-4.0,SELL-PARTIAL,5 - Large
12,CNA,KILTEARN PARTNERS LLP,SHR,2014-09-30,46804000,1230700,38.0,KILTEARN PARTNERS LLP,SHR,2014-06-30,41576000,1028600,40.0,202100,-2.0,SELL-PARTIAL,5 - Large
13,STI,KILTEARN PARTNERS LLP,SHR,2014-09-30,45697000,1201600,38.0,KILTEARN PARTNERS LLP,SHR,2014-06-30,46385000,1157900,40.0,43700,-2.0,SELL-PARTIAL,5 - Large
14,VZ,KILTEARN PARTNERS LLP,SHR,2014-09-30,38609000,769721,50.0,KILTEARN PARTNERS LLP,SHR,2014-06-30,31447000,641775,49.0,127946,1.0,SELL-PARTIAL,5 - Large
15,SKM,KILTEARN PARTNERS LLP,SHR,2014-09-30,32573000,1073600,30.0,KILTEARN PARTNERS LLP,SHR,2014-06-30,39535000,1524100,25.0,-450500,5.0,SELL-PARTIAL,5 - Large
16,BRK.B,KILTEARN PARTNERS LLP,SHR,2014-09-30,31164000,225600,138.0,KILTEARN PARTNERS LLP,SHR,2014-06-30,23970000,189400,126.0,36200,12.0,SELL-PARTIAL,5 - Large
17,ARW,KILTEARN PARTNERS LLP,SHR,2014-09-30,23374000,422300,55.0,KILTEARN PARTNERS LLP,SHR,2014-06-30,21349000,353400,60.0,68900,-5.0,SELL-PARTIAL,5 - Large
0,GS,KILTEARN PARTNERS LLP,SHR,2014-12-31,156858000,809253,193.0,KILTEARN PARTNERS LLP,SHR,2014-09-30,120817000,658153,183.0,151100,10.0,BUY-MORE,5 - Large
1,C,KILTEARN PARTNERS LLP,SHR,2014-12-31,140990000,2605610,54.0,KILTEARN PARTNERS LLP,SHR,2014-09-30,108636000,2096410,51.0,509200,3.0,BUY-MORE,5 - Large
2,MS,KILTEARN PARTNERS LLP,SHR,2014-12-31,130924000,3374341,38.0,KILTEARN PARTNERS LLP,SHR,2014-09-30,106093000,3068941,34.0,305400,4.0,BUY-MORE,6 - Mega
3,BAC,KILTEARN PARTNERS LLP,SHR,2014-12-31,129158000,7219547,17.0,KILTEARN PARTNERS LLP,SHR,2014-09-30,99150000,5815247,17.0,1404300,0.0,BUY-MORE,5 - Large
4,Y,KILTEARN PARTNERS LLP,SHR,2014-12-31,122086000,263400,463.0,KILTEARN PARTNERS LLP,SHR,2014-09-30,88815000,212400,418.0,51000,45.0,BUY-MORE,6 - Mega
5,GLW,KILTEARN PARTNERS LLP,SHR,2014-12-31,113864000,4965700,22.0,KILTEARN PARTNERS LLP,SHR,2014-09-30,77602000,4012500,19.0,953200,3.0,BUY-MORE,5 - Large
6,BK,KILTEARN PARTNERS LLP,SHR,2014-12-31,107856000,2658521,40.0,KILTEARN PARTNERS LLP,SHR,2014-09-30,95885000,2475721,38.0,182800,2.0,BUY-MORE,5 - Large
7,MSFT,KILTEARN PARTNERS LLP,SHR,2014-12-31,90607000,1950629,46.0,KILTEARN PARTNERS LLP,SHR,2014-09-30,115773000,2497256,46.0,-546627,0.0,SELL-PARTIAL,5 - Large
8,L,KILTEARN PARTNERS LLP,SHR,2014-12-31,69972000,1665200,42.0,KILTEARN PARTNERS LLP,SHR,2014-09-30,55791000,1339200,41.0,326000,1.0,BUY-MORE,5 - Large
9,IM,KILTEARN PARTNERS LLP,SHR,2014-12-31,66065000,2390200,27.0,KILTEARN PARTNERS LLP,SHR,2014-09-30,49674000,1924600,25.0,465600,2.0,SELL-PARTIAL,6 - Mega
10,STI,KILTEARN PARTNERS LLP,SHR,2014-12-31,62511000,1491900,41.0,KILTEARN PARTNERS LLP,SHR,2014-09-30,45697000,1201600,38.0,290300,3.0,SELL-PARTIAL,5 - Large
11,CNA,KILTEARN PARTNERS LLP,SHR,2014-12-31,59261000,1530900,38.0,KILTEARN PARTNERS LLP,SHR,2014-09-30,46804000,1230700,38.0,300200,0.0,SELL-PARTIAL,5 - Large
12,KT,KILTEARN PARTNERS LLP,SHR,2014-12-31,58520000,4144456,14.0,KILTEARN PARTNERS LLP,SHR,2014-09-30,53977000,3329856,16.0,814600,-2.0,SELL-PARTIAL,5 - Large
13,PKX,KILTEARN PARTNERS LLP,SHR,2014-12-31,57289000,897800,63.0,KILTEARN PARTNERS LLP,SHR,2014-09-30,58891000,775900,75.0,121900,-12.0,SELL-PARTIAL,5 - Large
14,VZ,KILTEARN PARTNERS LLP,SHR,2014-12-31,45022000,957503,47.0,KILTEARN PARTNERS LLP,SHR,2014-09-30,38609000,769721,50.0,187782,-3.0,SELL-PARTIAL,5 - Large
15,BRK.B,KILTEARN PARTNERS LLP,SHR,2014-12-31,36111000,240500,150.0,KILTEARN PARTNERS LLP,SHR,2014-09-30,31164000,225600,138.0,14900,12.0,SELL-PARTIAL,5 - Large
16,ARW,KILTEARN PARTNERS LLP,SHR,2014-12-31,30375000,524700,57.0,KILTEARN PARTNERS LLP,SHR,2014-09-30,23374000,422300,55.0,102400,2.0,SELL-PARTIAL,5 - Large
17,SKM,KILTEARN PARTNERS LLP,SHR,2014-12-31,10834000,401100,27.0,KILTEARN PARTNERS LLP,SHR,2014-09-30,32573000,1073600,30.0,-672500,-3.0,SELL-PARTIAL,5 - Large
0,GS,KILTEARN PARTNERS LLP,SHR,2015-03-31,173469000,922853,187.0,KILTEARN PARTNERS LLP,SHR,2014-12-31,156858000,809253,193.0,113600,-6.0,BUY-MORE,5 - Large
1,C,KILTEARN PARTNERS LLP,SHR,2015-03-31,153092000,2971510,51.0,KILTEARN PARTNERS LLP,SHR,2014-12-31,140990000,2605610,54.0,365900,-3.0,BUY-MORE,5 - Large
2,Y,KILTEARN PARTNERS LLP,SHR,2015-03-31,146197000,300200,486.0,KILTEARN PARTNERS LLP,SHR,2014-12-31,122086000,263400,463.0,36800,23.0,BUY-MORE,6 - Mega
3,MS,KILTEARN PARTNERS LLP,SHR,2015-03-31,132626000,3716041,35.0,KILTEARN PARTNERS LLP,SHR,2014-12-31,130924000,3374341,38.0,341700,-3.0,BUY-MORE,5 - Large
4,BAC,KILTEARN PARTNERS LLP,SHR,2015-03-31,126734000,8234847,15.0,KILTEARN PARTNERS LLP,SHR,2014-12-31,129158000,7219547,17.0,1015300,-2.0,BUY-MORE,6 - Mega
5,BK,KILTEARN PARTNERS LLP,SHR,2015-03-31,121956000,3030721,40.0,KILTEARN PARTNERS LLP,SHR,2014-12-31,107856000,2658521,40.0,372200,0.0,BUY-MORE,5 - Large
6,GLW,KILTEARN PARTNERS LLP,SHR,2015-03-31,118192000,5211300,22.0,KILTEARN PARTNERS LLP,SHR,2014-12-31,113864000,4965700,22.0,245600,0.0,BUY-MORE,5 - Large
7,L,KILTEARN PARTNERS LLP,SHR,2015-03-31,106395000,2605800,40.0,KILTEARN PARTNERS LLP,SHR,2014-12-31,69972000,1665200,42.0,940600,-2.0,SELL-PARTIAL,5 - Large
8,IM,KILTEARN PARTNERS LLP,SHR,2015-03-31,83602000,3328100,25.0,KILTEARN PARTNERS LLP,SHR,2014-12-31,66065000,2390200,27.0,937900,-2.0,BUY-MORE,5 - Large
9,KT,KILTEARN PARTNERS LLP,SHR,2015-03-31,75391000,5763846,13.0,KILTEARN PARTNERS LLP,SHR,2014-12-31,58520000,4144456,14.0,1619390,-1.0,SELL-PARTIAL,6 - Mega
10,MSFT,KILTEARN PARTNERS LLP,SHR,2015-03-31,74180000,1824629,40.0,KILTEARN PARTNERS LLP,SHR,2014-12-31,90607000,1950629,46.0,-126000,-6.0,SELL-PARTIAL,5 - Large
11,STI,KILTEARN PARTNERS LLP,SHR,2015-03-31,69894000,1701000,41.0,KILTEARN PARTNERS LLP,SHR,2014-12-31,62511000,1491900,41.0,209100,0.0,SELL-PARTIAL,5 - Large
12,PTEN,KILTEARN PARTNERS LLP,SHR,2015-03-31,68157000,3630200,18.0,KILTEARN PARTNERS LLP,SHR,2014-12-31,37155000,2239600,16.0,1390600,2.0,SELL-PARTIAL,5 - Large
13,CNA,KILTEARN PARTNERS LLP,SHR,2015-03-31,66383000,1602300,41.0,KILTEARN PARTNERS LLP,SHR,2014-12-31,59261000,1530900,38.0,71400,3.0,SELL-PARTIAL,5 - Large
14,VZ,KILTEARN PARTNERS LLP,SHR,2015-03-31,65535000,1347621,48.0,KILTEARN PARTNERS LLP,SHR,2014-12-31,45022000,957503,47.0,390118,1.0,SELL-PARTIAL,5 - Large
15,PKX,KILTEARN PARTNERS LLP,SHR,2015-03-31,63712000,1165600,54.0,KILTEARN PARTNERS LLP,SHR,2014-12-31,57289000,897800,63.0,267800,-9.0,SELL-PARTIAL,5 - Large
16,BRK.B,KILTEARN PARTNERS LLP,SHR,2015-03-31,39472000,273500,144.0,KILTEARN PARTNERS LLP,SHR,2014-12-31,36111000,240500,150.0,33000,-6.0,SELL-PARTIAL,5 - Large
17,ARW,KILTEARN PARTNERS LLP,SHR,2015-03-31,36543000,597600,61.0,KILTEARN PARTNERS LLP,SHR,2014-12-31,30375000,524700,57.0,72900,4.0,SELL-PARTIAL,5 - Large
18,HP,KILTEARN PARTNERS LLP,SHR,2015-03-31,35818000,526192,68.0,KILTEARN PARTNERS LLP,SHR,2014-12-31,18466000,273900,67.0,252292,1.0,SELL-PARTIAL,4 - Mid
19,SKM,KILTEARN PARTNERS LLP,SHR,2015-03-31,12261000,450600,27.0,KILTEARN PARTNERS LLP,SHR,2014-12-31,10834000,401100,27.0,49500,0.0,BUY-MORE,5 - Large
0,GS,KILTEARN PARTNERS LLP,SHR,2015-06-30,205440000,983953,208.0,KILTEARN PARTNERS LLP,SHR,2015-03-31,173469000,922853,187.0,61100,21.0,BUY-MORE,5 - Large
1,C,KILTEARN PARTNERS LLP,SHR,2015-06-30,176227000,3190210,55.0,KILTEARN PARTNERS LLP,SHR,2015-03-31,153092000,2971510,51.0,218700,4.0,BUY-MORE,5 - Large
2,BAC,KILTEARN PARTNERS LLP,SHR,2015-06-30,152687000,8971047,17.0,KILTEARN PARTNERS LLP,SHR,2015-03-31,126734000,8234847,15.0,736200,2.0,BUY-MORE,6 - Mega
3,Y,KILTEARN PARTNERS LLP,SHR,2015-06-30,151128000,322400,468.0,KILTEARN PARTNERS LLP,SHR,2015-03-31,146197000,300200,486.0,22200,-18.0,BUY-MORE,5 - Large
4,MS,KILTEARN PARTNERS LLP,SHR,2015-06-30,139727000,3602141,38.0,KILTEARN PARTNERS LLP,SHR,2015-03-31,132626000,3716041,35.0,-113900,3.0,BUY-MORE,6 - Mega
5,L,KILTEARN PARTNERS LLP,SHR,2015-06-30,126494000,3284700,38.0,KILTEARN PARTNERS LLP,SHR,2015-03-31,106395000,2605800,40.0,678900,-2.0,BUY-MORE,5 - Large
6,BEN,KILTEARN PARTNERS LLP,SHR,2015-06-30,111430000,2272700,49.0,KILTEARN PARTNERS LLP,SHR,2015-03-31,52921000,1031200,51.0,1241500,-2.0,BUY-MORE,5 - Large
7,GLW,KILTEARN PARTNERS LLP,SHR,2015-06-30,109991000,5574800,19.0,KILTEARN PARTNERS LLP,SHR,2015-03-31,118192000,5211300,22.0,363500,-3.0,SELL-PARTIAL,5 - Large
8,BK,KILTEARN PARTNERS LLP,SHR,2015-06-30,109561000,2610465,41.0,KILTEARN PARTNERS LLP,SHR,2015-03-31,121956000,3030721,40.0,-420256,1.0,BUY-MORE,5 - Large
9,IM,KILTEARN PARTNERS LLP,SHR,2015-06-30,89239000,3565300,25.0,KILTEARN PARTNERS LLP,SHR,2015-03-31,83602000,3328100,25.0,237200,0.0,SELL-PARTIAL,6 - Mega
10,MSFT,KILTEARN PARTNERS LLP,SHR,2015-06-30,86191000,1952229,44.0,KILTEARN PARTNERS LLP,SHR,2015-03-31,74180000,1824629,40.0,127600,4.0,SELL-PARTIAL,5 - Large
11,STI,KILTEARN PARTNERS LLP,SHR,2015-06-30,78623000,1827600,43.0,KILTEARN PARTNERS LLP,SHR,2015-03-31,69894000,1701000,41.0,126600,2.0,SELL-PARTIAL,5 - Large
12,KT,KILTEARN PARTNERS LLP,SHR,2015-06-30,78439000,6190946,12.0,KILTEARN PARTNERS LLP,SHR,2015-03-31,75391000,5763846,13.0,427100,-1.0,SELL-PARTIAL,5 - Large
13,PTEN,KILTEARN PARTNERS LLP,SHR,2015-06-30,73273000,3894400,18.0,KILTEARN PARTNERS LLP,SHR,2015-03-31,68157000,3630200,18.0,264200,0.0,SELL-PARTIAL,5 - Large
14,VZ,KILTEARN PARTNERS LLP,SHR,2015-06-30,67511000,1448421,46.0,KILTEARN PARTNERS LLP,SHR,2015-03-31,65535000,1347621,48.0,100800,-2.0,SELL-PARTIAL,5 - Large
15,PKX,KILTEARN PARTNERS LLP,SHR,2015-06-30,66532000,1355300,49.0,KILTEARN PARTNERS LLP,SHR,2015-03-31,63712000,1165600,54.0,189700,-5.0,SELL-PARTIAL,5 - Large
16,CNA,KILTEARN PARTNERS LLP,SHR,2015-06-30,63161000,1653000,38.0,KILTEARN PARTNERS LLP,SHR,2015-03-31,66383000,1602300,41.0,50700,-3.0,SELL-PARTIAL,5 - Large
17,ARW,KILTEARN PARTNERS LLP,SHR,2015-06-30,47731000,855400,55.0,KILTEARN PARTNERS LLP,SHR,2015-03-31,36543000,597600,61.0,257800,-6.0,SELL-PARTIAL,5 - Large
18,BRK.B,KILTEARN PARTNERS LLP,SHR,2015-06-30,40003000,293900,136.0,KILTEARN PARTNERS LLP,SHR,2015-03-31,39472000,273500,144.0,20400,-8.0,SELL-PARTIAL,4 - Mid
19,HP,KILTEARN PARTNERS LLP,SHR,2015-06-30,39695000,563692,70.0,KILTEARN PARTNERS LLP,SHR,2015-03-31,35818000,526192,68.0,37500,2.0,BUY-MORE,5 - Large
20,RDC,KILTEARN PARTNERS LLP,SHR,2015-06-30,24519000,1161494,21.0,KILTEARN PARTNERS LLP,SHR,2015-03-31,18753000,1058900,17.0,102594,4.0,BUY-MORE,3 - Small
21,VAL,KILTEARN PARTNERS LLP,SHR,2015-06-30,23297000,1046100,22.0,KILTEARN PARTNERS LLP,SHR,2015-03-31,20684000,981700,21.0,64400,1.0,SELL-PARTIAL,4 - Mid
22,SKM,KILTEARN PARTNERS LLP,SHR,2015-06-30,12033000,485400,24.0,KILTEARN PARTNERS LLP,SHR,2015-03-31,12261000,450600,27.0,34800,-3.0,SELL-PARTIAL,6 - Mega
0,GS,KILTEARN PARTNERS LLP,SHR,2015-09-30,170468000,981053,173.0,KILTEARN PARTNERS LLP,SHR,2015-06-30,205440000,983953,208.0,-2900,-35.0,BUY-MORE,5 - Large
1,C,KILTEARN PARTNERS LLP,SHR,2015-09-30,164616000,3318211,49.0,KILTEARN PARTNERS LLP,SHR,2015-06-30,176227000,3190210,55.0,128001,-6.0,BUY-MORE,5 - Large
2,BAC,KILTEARN PARTNERS LLP,SHR,2015-09-30,145949000,9367745,15.0,KILTEARN PARTNERS LLP,SHR,2015-06-30,152687000,8971047,17.0,396698,-2.0,BUY-MORE,6 - Mega
3,L,KILTEARN PARTNERS LLP,SHR,2015-09-30,122818000,3398400,36.0,KILTEARN PARTNERS LLP,SHR,2015-06-30,126494000,3284700,38.0,113700,-2.0,BUY-MORE,5 - Large
4,Y,KILTEARN PARTNERS LLP,SHR,2015-09-30,119546000,255380,468.0,KILTEARN PARTNERS LLP,SHR,2015-06-30,151128000,322400,468.0,-67020,0.0,BUY-MORE,6 - Mega
5,GLW,KILTEARN PARTNERS LLP,SHR,2015-09-30,117474000,6861800,17.0,KILTEARN PARTNERS LLP,SHR,2015-06-30,109991000,5574800,19.0,1287000,-2.0,BUY-MORE,5 - Large
6,BEN,KILTEARN PARTNERS LLP,SHR,2015-09-30,116620000,3129900,37.0,KILTEARN PARTNERS LLP,SHR,2015-06-30,111430000,2272700,49.0,857200,-12.0,BUY-MORE,5 - Large
7,IM,KILTEARN PARTNERS LLP,SHR,2015-09-30,99086000,3637500,27.0,KILTEARN PARTNERS LLP,SHR,2015-06-30,89239000,3565300,25.0,72200,2.0,SELL-PARTIAL,5 - Large
8,KT,KILTEARN PARTNERS LLP,SHR,2015-09-30,88227000,6750346,13.0,KILTEARN PARTNERS LLP,SHR,2015-06-30,78439000,6190946,12.0,559400,1.0,BUY-MORE,5 - Large
9,MS,KILTEARN PARTNERS LLP,SHR,2015-09-30,78733000,2499461,31.0,KILTEARN PARTNERS LLP,SHR,2015-06-30,139727000,3602141,38.0,-1102680,-7.0,SELL-PARTIAL,6 - Mega
10,ARW,KILTEARN PARTNERS LLP,SHR,2015-09-30,77326000,1398800,55.0,KILTEARN PARTNERS LLP,SHR,2015-06-30,47731000,855400,55.0,543400,0.0,SELL-PARTIAL,5 - Large
11,STI,KILTEARN PARTNERS LLP,SHR,2015-09-30,76216000,1993100,38.0,KILTEARN PARTNERS LLP,SHR,2015-06-30,78623000,1827600,43.0,165500,-5.0,SELL-PARTIAL,5 - Large
12,TS,KILTEARN PARTNERS LLP,SHR,2015-09-30,76079000,3155500,24.0,KILTEARN PARTNERS LLP,SHR,2015-06-30,20260000,749831,27.0,2405669,-3.0,SELL-PARTIAL,5 - Large
13,MSFT,KILTEARN PARTNERS LLP,SHR,2015-09-30,75323000,1701829,44.0,KILTEARN PARTNERS LLP,SHR,2015-06-30,86191000,1952229,44.0,-250400,0.0,SELL-PARTIAL,5 - Large
14,PKX,KILTEARN PARTNERS LLP,SHR,2015-09-30,70824000,2022400,35.0,KILTEARN PARTNERS LLP,SHR,2015-06-30,66532000,1355300,49.0,667100,-14.0,SELL-PARTIAL,5 - Large
15,PTEN,KILTEARN PARTNERS LLP,SHR,2015-09-30,68800000,5235900,13.0,KILTEARN PARTNERS LLP,SHR,2015-06-30,73273000,3894400,18.0,1341500,-5.0,SELL-PARTIAL,5 - Large
16,CNA,KILTEARN PARTNERS LLP,SHR,2015-09-30,62972000,1802800,34.0,KILTEARN PARTNERS LLP,SHR,2015-06-30,63161000,1653000,38.0,149800,-4.0,SELL-PARTIAL,5 - Large
17,JOY,KILTEARN PARTNERS LLP,SHR,2015-09-30,60879000,4077605,14.0,KILTEARN PARTNERS LLP,SHR,2015-06-30,37532000,1036800,36.0,3040805,-22.0,SELL-PARTIAL,5 - Large
18,VALE,KILTEARN PARTNERS LLP,SHR,2015-09-30,60485000,14401193,4.0,KILTEARN PARTNERS LLP,SHR,2015-06-30,23265000,3949893,5.0,10451300,-1.0,SELL-PARTIAL,4 - Mid
19,BK,KILTEARN PARTNERS LLP,SHR,2015-09-30,55257000,1411415,39.0,KILTEARN PARTNERS LLP,SHR,2015-06-30,109561000,2610465,41.0,-1199050,-2.0,BUY-MORE,5 - Large
20,BRK.B,KILTEARN PARTNERS LLP,SHR,2015-09-30,47648000,365400,130.0,KILTEARN PARTNERS LLP,SHR,2015-06-30,40003000,293900,136.0,71500,-6.0,BUY-MORE,3 - Small
21,HP,KILTEARN PARTNERS LLP,SHR,2015-09-30,42666000,902792,47.0,KILTEARN PARTNERS LLP,SHR,2015-06-30,39695000,563692,70.0,339100,-23.0,SELL-PARTIAL,4 - Mid
22,RDC,KILTEARN PARTNERS LLP,SHR,2015-09-30,30083000,1862694,16.0,KILTEARN PARTNERS LLP,SHR,2015-06-30,24519000,1161494,21.0,701200,-5.0,SELL-PARTIAL,6 - Mega
23,VAL,KILTEARN PARTNERS LLP,SHR,2015-09-30,16227000,1152500,14.0,KILTEARN PARTNERS LLP,SHR,2015-06-30,23297000,1046100,22.0,106400,-8.0,BUY-MORE,5 - Large
0,GS,KILTEARN PARTNERS LLP,SHR,2015-12-31,186331000,1033853,180.0,KILTEARN PARTNERS LLP,SHR,2015-09-30,170468000,981053,173.0,52800,7.0,BUY-MORE,5 - Large
1,C,KILTEARN PARTNERS LLP,SHR,2015-12-31,180939000,3496411,51.0,KILTEARN PARTNERS LLP,SHR,2015-09-30,164616000,3318211,49.0,178200,2.0,BUY-MORE,5 - Large
2,BAC,KILTEARN PARTNERS LLP,SHR,2015-12-31,147780000,8780745,16.0,KILTEARN PARTNERS LLP,SHR,2015-09-30,145949000,9367745,15.0,-587000,1.0,BUY-MORE,6 - Mega
3,GLW,KILTEARN PARTNERS LLP,SHR,2015-12-31,139535000,7633200,18.0,KILTEARN PARTNERS LLP,SHR,2015-09-30,117474000,6861800,17.0,771400,1.0,BUY-MORE,5 - Large
4,BEN,KILTEARN PARTNERS LLP,SHR,2015-12-31,139069000,3777000,36.0,KILTEARN PARTNERS LLP,SHR,2015-09-30,116620000,3129900,37.0,647100,-1.0,BUY-MORE,6 - Mega
5,L,KILTEARN PARTNERS LLP,SHR,2015-12-31,123590000,3218500,38.0,KILTEARN PARTNERS LLP,SHR,2015-09-30,122818000,3398400,36.0,-179900,2.0,BUY-MORE,5 - Large
6,Y,KILTEARN PARTNERS LLP,SHR,2015-12-31,115936000,242580,477.0,KILTEARN PARTNERS LLP,SHR,2015-09-30,119546000,255380,468.0,-12800,9.0,BUY-MORE,5 - Large
7,TS,KILTEARN PARTNERS LLP,SHR,2015-12-31,87010000,3655900,23.0,KILTEARN PARTNERS LLP,SHR,2015-09-30,76079000,3155500,24.0,500400,-1.0,SELL-PARTIAL,5 - Large
8,KT,KILTEARN PARTNERS LLP,SHR,2015-12-31,84762000,7116846,11.0,KILTEARN PARTNERS LLP,SHR,2015-09-30,88227000,6750346,13.0,366500,-2.0,BUY-MORE,5 - Large
9,MS,KILTEARN PARTNERS LLP,SHR,2015-12-31,83510000,2625261,31.0,KILTEARN PARTNERS LLP,SHR,2015-09-30,78733000,2499461,31.0,125800,0.0,SELL-PARTIAL,6 - Mega
10,JOY,KILTEARN PARTNERS LLP,SHR,2015-12-31,82391000,6533822,12.0,KILTEARN PARTNERS LLP,SHR,2015-09-30,60879000,4077605,14.0,2456217,-2.0,SELL-PARTIAL,5 - Large
11,ARW,KILTEARN PARTNERS LLP,SHR,2015-12-31,79878000,1474300,54.0,KILTEARN PARTNERS LLP,SHR,2015-09-30,77326000,1398800,55.0,75500,-1.0,SELL-PARTIAL,5 - Large
12,PTEN,KILTEARN PARTNERS LLP,SHR,2015-12-31,76569000,5077500,15.0,KILTEARN PARTNERS LLP,SHR,2015-09-30,68800000,5235900,13.0,-158400,2.0,SELL-PARTIAL,5 - Large
13,PKX,KILTEARN PARTNERS LLP,SHR,2015-12-31,75327000,2130300,35.0,KILTEARN PARTNERS LLP,SHR,2015-09-30,70824000,2022400,35.0,107900,0.0,SELL-PARTIAL,5 - Large
14,HP,KILTEARN PARTNERS LLP,SHR,2015-12-31,69222000,1292661,53.0,KILTEARN PARTNERS LLP,SHR,2015-09-30,42666000,902792,47.0,389869,6.0,SELL-PARTIAL,5 - Large
15,IM,KILTEARN PARTNERS LLP,SHR,2015-12-31,55125000,1814500,30.0,KILTEARN PARTNERS LLP,SHR,2015-09-30,99086000,3637500,27.0,-1823000,3.0,SELL-PARTIAL,5 - Large
16,MSFT,KILTEARN PARTNERS LLP,SHR,2015-12-31,53351000,961629,55.0,KILTEARN PARTNERS LLP,SHR,2015-09-30,75323000,1701829,44.0,-740200,11.0,SELL-PARTIAL,5 - Large
17,NOV,KILTEARN PARTNERS LLP,SHR,2015-12-31,53295000,1591357,33.0,KILTEARN PARTNERS LLP,SHR,2015-09-30,37770000,1003200,37.0,588157,-4.0,SELL-PARTIAL,5 - Large
18,VALE,KILTEARN PARTNERS LLP,SHR,2015-12-31,50998000,15500993,3.0,KILTEARN PARTNERS LLP,SHR,2015-09-30,60485000,14401193,4.0,1099800,-1.0,SELL-PARTIAL,4 - Mid
19,BRK.B,KILTEARN PARTNERS LLP,SHR,2015-12-31,50849000,385100,132.0,KILTEARN PARTNERS LLP,SHR,2015-09-30,47648000,365400,130.0,19700,2.0,BUY-MORE,5 - Large
20,AXP,KILTEARN PARTNERS LLP,SHR,2015-12-31,44248000,636200,69.0,KILTEARN PARTNERS LLP,SHR,2015-09-30,35093000,473400,74.0,162800,-5.0,BUY-MORE,3 - Small
21,J,KILTEARN PARTNERS LLP,SHR,2015-12-31,43360000,1033600,41.0,KILTEARN PARTNERS LLP,SHR,2015-09-30,36592000,977600,37.0,56000,4.0,SELL-PARTIAL,4 - Mid
22,CNA,KILTEARN PARTNERS LLP,SHR,2015-12-31,28897000,822103,35.0,KILTEARN PARTNERS LLP,SHR,2015-09-30,62972000,1802800,34.0,-980697,1.0,SELL-PARTIAL,6 - Mega
0,GS,KILTEARN PARTNERS LLP,SHR,2016-03-31,220220000,1402853,156.0,KILTEARN PARTNERS LLP,SHR,2015-12-31,186331000,1033853,180.0,369000,-24.0,BUY-MORE,5 - Large
1,C,KILTEARN PARTNERS LLP,SHR,2016-03-31,182949000,4382011,41.0,KILTEARN PARTNERS LLP,SHR,2015-12-31,180939000,3496411,51.0,885600,-10.0,BUY-MORE,5 - Large
2,GLW,KILTEARN PARTNERS LLP,SHR,2016-03-31,175512000,8401700,20.0,KILTEARN PARTNERS LLP,SHR,2015-12-31,139535000,7633200,18.0,768500,2.0,BUY-MORE,6 - Mega
3,BEN,KILTEARN PARTNERS LLP,SHR,2016-03-31,165853000,4247200,39.0,KILTEARN PARTNERS LLP,SHR,2015-12-31,139069000,3777000,36.0,470200,3.0,BUY-MORE,5 - Large
4,BAC,KILTEARN PARTNERS LLP,SHR,2016-03-31,139897000,10347445,13.0,KILTEARN PARTNERS LLP,SHR,2015-12-31,147780000,8780745,16.0,1566700,-3.0,BUY-MORE,6 - Mega
5,Y,KILTEARN PARTNERS LLP,SHR,2016-03-31,124288000,250480,496.0,KILTEARN PARTNERS LLP,SHR,2015-12-31,115936000,242580,477.0,7900,19.0,BUY-MORE,5 - Large
6,MS,KILTEARN PARTNERS LLP,SHR,2016-03-31,122976000,4917061,25.0,KILTEARN PARTNERS LLP,SHR,2015-12-31,83510000,2625261,31.0,2291800,-6.0,BUY-MORE,5 - Large
7,JOY,KILTEARN PARTNERS LLP,SHR,2016-03-31,120699000,7510805,16.0,KILTEARN PARTNERS LLP,SHR,2015-12-31,82391000,6533822,12.0,976983,4.0,SELL-PARTIAL,5 - Large
8,L,KILTEARN PARTNERS LLP,SHR,2016-03-31,113112000,2956400,38.0,KILTEARN PARTNERS LLP,SHR,2015-12-31,123590000,3218500,38.0,-262100,0.0,BUY-MORE,5 - Large
9,TS,KILTEARN PARTNERS LLP,SHR,2016-03-31,106010000,4281500,24.0,KILTEARN PARTNERS LLP,SHR,2015-12-31,87010000,3655900,23.0,625600,1.0,SELL-PARTIAL,6 - Mega
10,KT,KILTEARN PARTNERS LLP,SHR,2016-03-31,104477000,7785146,13.0,KILTEARN PARTNERS LLP,SHR,2015-12-31,84762000,7116846,11.0,668300,2.0,SELL-PARTIAL,5 - Large
11,ARW,KILTEARN PARTNERS LLP,SHR,2016-03-31,103855000,1612400,64.0,KILTEARN PARTNERS LLP,SHR,2015-12-31,79878000,1474300,54.0,138100,10.0,SELL-PARTIAL,5 - Large
12,PKX,KILTEARN PARTNERS LLP,SHR,2016-03-31,96887000,2047043,47.0,KILTEARN PARTNERS LLP,SHR,2015-12-31,75327000,2130300,35.0,-83257,12.0,SELL-PARTIAL,5 - Large
13,PTEN,KILTEARN PARTNERS LLP,SHR,2016-03-31,89228000,5064046,17.0,KILTEARN PARTNERS LLP,SHR,2015-12-31,76569000,5077500,15.0,-13454,2.0,SELL-PARTIAL,5 - Large
14,HP,KILTEARN PARTNERS LLP,SHR,2016-03-31,79544000,1354629,58.0,KILTEARN PARTNERS LLP,SHR,2015-12-31,69222000,1292661,53.0,61968,5.0,SELL-PARTIAL,5 - Large
15,VALE,KILTEARN PARTNERS LLP,SHR,2016-03-31,71830000,17061693,4.0,KILTEARN PARTNERS LLP,SHR,2015-12-31,50998000,15500993,3.0,1560700,1.0,SELL-PARTIAL,5 - Large
16,NOV,KILTEARN PARTNERS LLP,SHR,2016-03-31,65405000,2103057,31.0,KILTEARN PARTNERS LLP,SHR,2015-12-31,53295000,1591357,33.0,511700,-2.0,SELL-PARTIAL,5 - Large
17,AXP,KILTEARN PARTNERS LLP,SHR,2016-03-31,62739000,1021800,61.0,KILTEARN PARTNERS LLP,SHR,2015-12-31,44248000,636200,69.0,385600,-8.0,SELL-PARTIAL,5 - Large
18,IM,KILTEARN PARTNERS LLP,SHR,2016-03-31,57995000,1615000,35.0,KILTEARN PARTNERS LLP,SHR,2015-12-31,55125000,1814500,30.0,-199500,5.0,SELL-PARTIAL,4 - Mid
19,BRK.B,KILTEARN PARTNERS LLP,SHR,2016-03-31,56184000,396000,141.0,KILTEARN PARTNERS LLP,SHR,2015-12-31,50849000,385100,132.0,10900,9.0,BUY-MORE,5 - Large
20,J,KILTEARN PARTNERS LLP,SHR,2016-03-31,49734000,1142000,43.0,KILTEARN PARTNERS LLP,SHR,2015-12-31,43360000,1033600,41.0,108400,2.0,BUY-MORE,3 - Small
21,MSFT,KILTEARN PARTNERS LLP,SHR,2016-03-31,45270000,819669,55.0,KILTEARN PARTNERS LLP,SHR,2015-12-31,53351000,961629,55.0,-141960,0.0,SELL-PARTIAL,4 - Mid
22,CNA,KILTEARN PARTNERS LLP,SHR,2016-03-31,19188000,596265,32.0,KILTEARN PARTNERS LLP,SHR,2015-12-31,28897000,822103,35.0,-225838,-3.0,SELL-PARTIAL,6 - Mega
0,GS,KILTEARN PARTNERS LLP,SHR,2016-06-30,220203000,1482053,148.0,KILTEARN PARTNERS LLP,SHR,2016-03-31,220220000,1402853,156.0,79200,-8.0,BUY-MORE,5 - Large
1,C,KILTEARN PARTNERS LLP,SHR,2016-06-30,203824000,4808311,42.0,KILTEARN PARTNERS LLP,SHR,2016-03-31,182949000,4382011,41.0,426300,1.0,BUY-MORE,5 - Large
2,GLW,KILTEARN PARTNERS LLP,SHR,2016-06-30,160049000,7814900,20.0,KILTEARN PARTNERS LLP,SHR,2016-03-31,175512000,8401700,20.0,-586800,0.0,BUY-MORE,6 - Mega
3,BEN,KILTEARN PARTNERS LLP,SHR,2016-06-30,156802000,4698900,33.0,KILTEARN PARTNERS LLP,SHR,2016-03-31,165853000,4247200,39.0,451700,-6.0,BUY-MORE,5 - Large
4,JOY,KILTEARN PARTNERS LLP,SHR,2016-06-30,138152000,6535102,21.0,KILTEARN PARTNERS LLP,SHR,2016-03-31,120699000,7510805,16.0,-975703,5.0,BUY-MORE,6 - Mega
5,BAC,KILTEARN PARTNERS LLP,SHR,2016-06-30,138128000,10409045,13.0,KILTEARN PARTNERS LLP,SHR,2016-03-31,139897000,10347445,13.0,61600,0.0,BUY-MORE,5 - Large
6,MS,KILTEARN PARTNERS LLP,SHR,2016-06-30,128413000,4942761,25.0,KILTEARN PARTNERS LLP,SHR,2016-03-31,122976000,4917061,25.0,25700,0.0,BUY-MORE,5 - Large
7,Y,KILTEARN PARTNERS LLP,SHR,2016-06-30,124634000,226780,549.0,KILTEARN PARTNERS LLP,SHR,2016-03-31,124288000,250480,496.0,-23700,53.0,SELL-PARTIAL,5 - Large
8,TS,KILTEARN PARTNERS LLP,SHR,2016-06-30,124021000,4300300,28.0,KILTEARN PARTNERS LLP,SHR,2016-03-31,106010000,4281500,24.0,18800,4.0,BUY-MORE,5 - Large
9,L,KILTEARN PARTNERS LLP,SHR,2016-06-30,111148000,2705000,41.0,KILTEARN PARTNERS LLP,SHR,2016-03-31,113112000,2956400,38.0,-251400,3.0,SELL-PARTIAL,6 - Mega
10,ARW,KILTEARN PARTNERS LLP,SHR,2016-06-30,100334000,1620900,61.0,KILTEARN PARTNERS LLP,SHR,2016-03-31,103855000,1612400,64.0,8500,-3.0,SELL-PARTIAL,5 - Large
11,KT,KILTEARN PARTNERS LLP,SHR,2016-06-30,100157000,7023646,14.0,KILTEARN PARTNERS LLP,SHR,2016-03-31,104477000,7785146,13.0,-761500,1.0,SELL-PARTIAL,5 - Large
12,AXP,KILTEARN PARTNERS LLP,SHR,2016-06-30,96128000,1582100,60.0,KILTEARN PARTNERS LLP,SHR,2016-03-31,62739000,1021800,61.0,560300,-1.0,SELL-PARTIAL,5 - Large
13,HP,KILTEARN PARTNERS LLP,SHR,2016-06-30,91211000,1358729,67.0,KILTEARN PARTNERS LLP,SHR,2016-03-31,79544000,1354629,58.0,4100,9.0,SELL-PARTIAL,5 - Large
14,VALE,KILTEARN PARTNERS LLP,SHR,2016-06-30,86215000,17038593,5.0,KILTEARN PARTNERS LLP,SHR,2016-03-31,71830000,17061693,4.0,-23100,1.0,SELL-PARTIAL,5 - Large
15,PKX,KILTEARN PARTNERS LLP,SHR,2016-06-30,50982000,1145657,44.0,KILTEARN PARTNERS LLP,SHR,2016-03-31,96887000,2047043,47.0,-901386,-3.0,SELL-PARTIAL,5 - Large
16,BRK.B,KILTEARN PARTNERS LLP,SHR,2016-06-30,46043000,318000,144.0,KILTEARN PARTNERS LLP,SHR,2016-03-31,56184000,396000,141.0,-78000,3.0,SELL-PARTIAL,5 - Large
17,MSFT,KILTEARN PARTNERS LLP,SHR,2016-06-30,41707000,815069,51.0,KILTEARN PARTNERS LLP,SHR,2016-03-31,45270000,819669,55.0,-4600,-4.0,SELL-PARTIAL,5 - Large
18,PTEN,KILTEARN PARTNERS LLP,SHR,2016-06-30,32763000,1536746,21.0,KILTEARN PARTNERS LLP,SHR,2016-03-31,89228000,5064046,17.0,-3527300,4.0,SELL-PARTIAL,4 - Mid
0,GS,KILTEARN PARTNERS LLP,SHR,2016-09-30,259863000,1611353,161.0,KILTEARN PARTNERS LLP,SHR,2016-06-30,220203000,1482053,148.0,129300,13.0,BUY-MORE,5 - Large
1,C,KILTEARN PARTNERS LLP,SHR,2016-09-30,232089000,4914011,47.0,KILTEARN PARTNERS LLP,SHR,2016-06-30,203824000,4808311,42.0,105700,5.0,BUY-MORE,5 - Large
2,BEN,KILTEARN PARTNERS LLP,SHR,2016-09-30,195350000,5492000,35.0,KILTEARN PARTNERS LLP,SHR,2016-06-30,156802000,4698900,33.0,793100,2.0,BUY-MORE,6 - Mega
3,GLW,KILTEARN PARTNERS LLP,SHR,2016-09-30,188736000,7980400,23.0,KILTEARN PARTNERS LLP,SHR,2016-06-30,160049000,7814900,20.0,165500,3.0,BUY-MORE,5 - Large
4,MS,KILTEARN PARTNERS LLP,SHR,2016-09-30,166411000,5190597,32.0,KILTEARN PARTNERS LLP,SHR,2016-06-30,128413000,4942761,25.0,247836,7.0,BUY-MORE,6 - Mega
5,BAC,KILTEARN PARTNERS LLP,SHR,2016-09-30,166396000,10632345,15.0,KILTEARN PARTNERS LLP,SHR,2016-06-30,138128000,10409045,13.0,223300,2.0,BUY-MORE,5 - Large
6,JOY,KILTEARN PARTNERS LLP,SHR,2016-09-30,130256000,4695586,27.0,KILTEARN PARTNERS LLP,SHR,2016-06-30,138152000,6535102,21.0,-1839516,6.0,BUY-MORE,5 - Large
7,HOG,KILTEARN PARTNERS LLP,SHR,2016-09-30,130192000,2475600,52.0,KILTEARN PARTNERS LLP,SHR,2016-06-30,66577000,1469700,45.0,1005900,7.0,SELL-PARTIAL,5 - Large
8,AXP,KILTEARN PARTNERS LLP,SHR,2016-09-30,129053000,2015200,64.0,KILTEARN PARTNERS LLP,SHR,2016-06-30,96128000,1582100,60.0,433100,4.0,BUY-MORE,5 - Large
9,TS,KILTEARN PARTNERS LLP,SHR,2016-09-30,124807000,4394600,28.0,KILTEARN PARTNERS LLP,SHR,2016-06-30,124021000,4300300,28.0,94300,0.0,SELL-PARTIAL,6 - Mega
10,Y,KILTEARN PARTNERS LLP,SHR,2016-09-30,121742000,231880,525.0,KILTEARN PARTNERS LLP,SHR,2016-06-30,124634000,226780,549.0,5100,-24.0,SELL-PARTIAL,5 - Large
11,KT,KILTEARN PARTNERS LLP,SHR,2016-09-30,115148000,7174346,16.0,KILTEARN PARTNERS LLP,SHR,2016-06-30,100157000,7023646,14.0,150700,2.0,SELL-PARTIAL,5 - Large
12,L,KILTEARN PARTNERS LLP,SHR,2016-09-30,113739000,2764000,41.0,KILTEARN PARTNERS LLP,SHR,2016-06-30,111148000,2705000,41.0,59000,0.0,SELL-PARTIAL,5 - Large
13,ARW,KILTEARN PARTNERS LLP,SHR,2016-09-30,105902000,1655500,63.0,KILTEARN PARTNERS LLP,SHR,2016-06-30,100334000,1620900,61.0,34600,2.0,SELL-PARTIAL,5 - Large
14,HP,KILTEARN PARTNERS LLP,SHR,2016-09-30,93488000,1389129,67.0,KILTEARN PARTNERS LLP,SHR,2016-06-30,91211000,1358729,67.0,30400,0.0,SELL-PARTIAL,5 - Large
15,BRK.B,KILTEARN PARTNERS LLP,SHR,2016-09-30,46909000,324700,144.0,KILTEARN PARTNERS LLP,SHR,2016-06-30,46043000,318000,144.0,6700,0.0,SELL-PARTIAL,5 - Large
16,MSFT,KILTEARN PARTNERS LLP,SHR,2016-09-30,41120000,713896,57.0,KILTEARN PARTNERS LLP,SHR,2016-06-30,41707000,815069,51.0,-101173,6.0,SELL-PARTIAL,5 - Large
17,PKX,KILTEARN PARTNERS LLP,SHR,2016-09-30,10597000,207455,51.0,KILTEARN PARTNERS LLP,SHR,2016-06-30,50982000,1145657,44.0,-938202,7.0,SELL-PARTIAL,5 - Large
0,GS,KILTEARN PARTNERS LLP,SHR,2016-12-31,370777000,1548453,239.0,KILTEARN PARTNERS LLP,SHR,2016-09-30,259863000,1611353,161.0,-62900,78.0,BUY-MORE,5 - Large
1,C,KILTEARN PARTNERS LLP,SHR,2016-12-31,286388000,4818911,59.0,KILTEARN PARTNERS LLP,SHR,2016-09-30,232089000,4914011,47.0,-95100,12.0,BUY-MORE,5 - Large
2,BEN,KILTEARN PARTNERS LLP,SHR,2016-12-31,233506000,5899600,39.0,KILTEARN PARTNERS LLP,SHR,2016-09-30,195350000,5492000,35.0,407600,4.0,BUY-MORE,6 - Mega
3,MS,KILTEARN PARTNERS LLP,SHR,2016-12-31,224652000,5317197,42.0,KILTEARN PARTNERS LLP,SHR,2016-09-30,166411000,5190597,32.0,126600,10.0,BUY-MORE,5 - Large
4,AXP,KILTEARN PARTNERS LLP,SHR,2016-12-31,179896000,2428400,74.0,KILTEARN PARTNERS LLP,SHR,2016-09-30,129053000,2015200,64.0,413200,10.0,BUY-MORE,6 - Mega
5,TS,KILTEARN PARTNERS LLP,SHR,2016-12-31,159956000,4479296,35.0,KILTEARN PARTNERS LLP,SHR,2016-09-30,124807000,4394600,28.0,84696,7.0,BUY-MORE,5 - Large
6,HOG,KILTEARN PARTNERS LLP,SHR,2016-12-31,155120000,2658900,58.0,KILTEARN PARTNERS LLP,SHR,2016-09-30,130192000,2475600,52.0,183300,6.0,BUY-MORE,5 - Large
7,Y,KILTEARN PARTNERS LLP,SHR,2016-12-31,151349000,248880,608.0,KILTEARN PARTNERS LLP,SHR,2016-09-30,121742000,231880,525.0,17000,83.0,SELL-PARTIAL,5 - Large
8,BAC,KILTEARN PARTNERS LLP,SHR,2016-12-31,143275000,6483045,22.0,KILTEARN PARTNERS LLP,SHR,2016-09-30,166396000,10632345,15.0,-4149300,7.0,BUY-MORE,5 - Large
9,GLW,KILTEARN PARTNERS LLP,SHR,2016-12-31,142654000,5877800,24.0,KILTEARN PARTNERS LLP,SHR,2016-09-30,188736000,7980400,23.0,-2102600,1.0,SELL-PARTIAL,6 - Mega
10,L,KILTEARN PARTNERS LLP,SHR,2016-12-31,138987000,2967900,46.0,KILTEARN PARTNERS LLP,SHR,2016-09-30,113739000,2764000,41.0,203900,5.0,SELL-PARTIAL,5 - Large
11,ARW,KILTEARN PARTNERS LLP,SHR,2016-12-31,126786000,1778200,71.0,KILTEARN PARTNERS LLP,SHR,2016-09-30,105902000,1655500,63.0,122700,8.0,SELL-PARTIAL,5 - Large
12,BWA,KILTEARN PARTNERS LLP,SHR,2016-12-31,119868000,3039252,39.0,KILTEARN PARTNERS LLP,SHR,2016-09-30,67322000,1913647,35.0,1125605,4.0,SELL-PARTIAL,5 - Large
13,KT,KILTEARN PARTNERS LLP,SHR,2016-12-31,116399000,8261074,14.0,KILTEARN PARTNERS LLP,SHR,2016-09-30,115148000,7174346,16.0,1086728,-2.0,SELL-PARTIAL,5 - Large
14,STT,KILTEARN PARTNERS LLP,SHR,2016-12-31,64454000,829314,77.0,KILTEARN PARTNERS LLP,SHR,2016-09-30,53721000,771514,69.0,57800,8.0,SELL-PARTIAL,5 - Large
15,HP,KILTEARN PARTNERS LLP,SHR,2016-12-31,53648000,693129,77.0,KILTEARN PARTNERS LLP,SHR,2016-09-30,93488000,1389129,67.0,-696000,10.0,SELL-PARTIAL,5 - Large
16,JOY,KILTEARN PARTNERS LLP,SHR,2016-12-31,39682000,1417232,27.0,KILTEARN PARTNERS LLP,SHR,2016-09-30,130256000,4695586,27.0,-3278354,0.0,SELL-PARTIAL,5 - Large
17,BRK.B,KILTEARN PARTNERS LLP,SHR,2016-12-31,29548000,181300,162.0,KILTEARN PARTNERS LLP,SHR,2016-09-30,46909000,324700,144.0,-143400,18.0,SELL-PARTIAL,5 - Large
0,GS,KILTEARN PARTNERS LLP,SHR,2017-03-31,299391000,1303286,229.0,KILTEARN PARTNERS LLP,SHR,2016-12-31,370777000,1548453,239.0,-245167,-10.0,BUY-MORE,5 - Large
1,C,KILTEARN PARTNERS LLP,SHR,2017-03-31,269161000,4499511,59.0,KILTEARN PARTNERS LLP,SHR,2016-12-31,286388000,4818911,59.0,-319400,0.0,BUY-MORE,5 - Large
2,BEN,KILTEARN PARTNERS LLP,SHR,2017-03-31,255731000,6068600,42.0,KILTEARN PARTNERS LLP,SHR,2016-12-31,233506000,5899600,39.0,169000,3.0,BUY-MORE,6 - Mega
3,AXP,KILTEARN PARTNERS LLP,SHR,2017-03-31,197617000,2498000,79.0,KILTEARN PARTNERS LLP,SHR,2016-12-31,179896000,2428400,74.0,69600,5.0,BUY-MORE,5 - Large
4,MS,KILTEARN PARTNERS LLP,SHR,2017-03-31,187442000,4375397,42.0,KILTEARN PARTNERS LLP,SHR,2016-12-31,224652000,5317197,42.0,-941800,0.0,BUY-MORE,6 - Mega
5,HOG,KILTEARN PARTNERS LLP,SHR,2017-03-31,165474000,2735100,60.0,KILTEARN PARTNERS LLP,SHR,2016-12-31,155120000,2658900,58.0,76200,2.0,BUY-MORE,5 - Large
6,Y,KILTEARN PARTNERS LLP,SHR,2017-03-31,157464000,256180,614.0,KILTEARN PARTNERS LLP,SHR,2016-12-31,151349000,248880,608.0,7300,6.0,BUY-MORE,5 - Large
7,KT,KILTEARN PARTNERS LLP,SHR,2017-03-31,150742000,8956746,16.0,KILTEARN PARTNERS LLP,SHR,2016-12-31,116399000,8261074,14.0,695672,2.0,SELL-PARTIAL,5 - Large
8,PII,KILTEARN PARTNERS LLP,SHR,2017-03-31,145911000,1741176,83.0,KILTEARN PARTNERS LLP,SHR,2016-12-31,31452000,381746,82.0,1359430,1.0,BUY-MORE,5 - Large
9,BWA,KILTEARN PARTNERS LLP,SHR,2017-03-31,130558000,3124152,41.0,KILTEARN PARTNERS LLP,SHR,2016-12-31,119868000,3039252,39.0,84900,2.0,SELL-PARTIAL,6 - Mega
10,GLW,KILTEARN PARTNERS LLP,SHR,2017-03-31,128507000,4759500,27.0,KILTEARN PARTNERS LLP,SHR,2016-12-31,142654000,5877800,24.0,-1118300,3.0,SELL-PARTIAL,5 - Large
11,L,KILTEARN PARTNERS LLP,SHR,2017-03-31,128154000,2740100,46.0,KILTEARN PARTNERS LLP,SHR,2016-12-31,138987000,2967900,46.0,-227800,0.0,SELL-PARTIAL,5 - Large
12,ARW,KILTEARN PARTNERS LLP,SHR,2017-03-31,119099000,1622382,73.0,KILTEARN PARTNERS LLP,SHR,2016-12-31,126786000,1778200,71.0,-155818,2.0,SELL-PARTIAL,5 - Large
13,STT,KILTEARN PARTNERS LLP,SHR,2017-03-31,67980000,853914,79.0,KILTEARN PARTNERS LLP,SHR,2016-12-31,64454000,829314,77.0,24600,2.0,SELL-PARTIAL,5 - Large
14,HP,KILTEARN PARTNERS LLP,SHR,2017-03-31,57502000,863789,66.0,KILTEARN PARTNERS LLP,SHR,2016-12-31,53648000,693129,77.0,170660,-11.0,SELL-PARTIAL,5 - Large
15,TS,KILTEARN PARTNERS LLP,SHR,2017-03-31,47328000,1386300,34.0,KILTEARN PARTNERS LLP,SHR,2016-12-31,159956000,4479296,35.0,-3092996,-1.0,SELL-PARTIAL,5 - Large
0,C,KILTEARN PARTNERS LLP,SHR,2017-06-30,303549000,4538711,66.0,KILTEARN PARTNERS LLP,SHR,2017-03-31,269161000,4499511,59.0,39200,7.0,BUY-MORE,5 - Large
1,GS,KILTEARN PARTNERS LLP,SHR,2017-06-30,297243000,1339537,221.0,KILTEARN PARTNERS LLP,SHR,2017-03-31,299391000,1303286,229.0,36251,-8.0,BUY-MORE,5 - Large
2,BEN,KILTEARN PARTNERS LLP,SHR,2017-06-30,274057000,6118700,44.0,KILTEARN PARTNERS LLP,SHR,2017-03-31,255731000,6068600,42.0,50100,2.0,BUY-MORE,6 - Mega
3,AXP,KILTEARN PARTNERS LLP,SHR,2017-06-30,212260000,2519700,84.0,KILTEARN PARTNERS LLP,SHR,2017-03-31,197617000,2498000,79.0,21700,5.0,BUY-MORE,5 - Large
4,MCK,KILTEARN PARTNERS LLP,SHR,2017-06-30,204380000,1242132,164.0,KILTEARN PARTNERS LLP,SHR,2017-03-31,115469000,778829,148.0,463303,16.0,BUY-MORE,6 - Mega
5,IVZ,KILTEARN PARTNERS LLP,SHR,2017-06-30,202888000,5765510,35.0,KILTEARN PARTNERS LLP,SHR,2017-03-31,127513000,4163000,30.0,1602510,5.0,BUY-MORE,5 - Large
6,MS,KILTEARN PARTNERS LLP,SHR,2017-06-30,196714000,4414597,44.0,KILTEARN PARTNERS LLP,SHR,2017-03-31,187442000,4375397,42.0,39200,2.0,BUY-MORE,5 - Large
7,PII,KILTEARN PARTNERS LLP,SHR,2017-06-30,161944000,1755876,92.0,KILTEARN PARTNERS LLP,SHR,2017-03-31,145911000,1741176,83.0,14700,9.0,SELL-PARTIAL,5 - Large
8,Y,KILTEARN PARTNERS LLP,SHR,2017-06-30,153803000,258580,594.0,KILTEARN PARTNERS LLP,SHR,2017-03-31,157464000,256180,614.0,2400,-20.0,BUY-MORE,5 - Large
9,HOG,KILTEARN PARTNERS LLP,SHR,2017-06-30,149057000,2759300,54.0,KILTEARN PARTNERS LLP,SHR,2017-03-31,165474000,2735100,60.0,24200,-6.0,SELL-PARTIAL,6 - Mega
10,BWA,KILTEARN PARTNERS LLP,SHR,2017-06-30,133538000,3152452,42.0,KILTEARN PARTNERS LLP,SHR,2017-03-31,130558000,3124152,41.0,28300,1.0,SELL-PARTIAL,5 - Large
11,KT,KILTEARN PARTNERS LLP,SHR,2017-06-30,127455000,7659546,16.0,KILTEARN PARTNERS LLP,SHR,2017-03-31,150742000,8956746,16.0,-1297200,0.0,SELL-PARTIAL,5 - Large
12,ARW,KILTEARN PARTNERS LLP,SHR,2017-06-30,124421000,1586600,78.0,KILTEARN PARTNERS LLP,SHR,2017-03-31,119099000,1622382,73.0,-35782,5.0,SELL-PARTIAL,5 - Large
13,HP,KILTEARN PARTNERS LLP,SHR,2017-06-30,124401000,2289302,54.0,KILTEARN PARTNERS LLP,SHR,2017-03-31,57502000,863789,66.0,1425513,-12.0,SELL-PARTIAL,5 - Large
14,AN,KILTEARN PARTNERS LLP,SHR,2017-06-30,85964000,2039000,42.0,KILTEARN PARTNERS LLP,SHR,2017-03-31,85413000,2019700,42.0,19300,0.0,SELL-PARTIAL,5 - Large
15,GLW,KILTEARN PARTNERS LLP,SHR,2017-06-30,69595000,2315979,30.0,KILTEARN PARTNERS LLP,SHR,2017-03-31,128507000,4759500,27.0,-2443521,3.0,SELL-PARTIAL,5 - Large
16,STT,KILTEARN PARTNERS LLP,SHR,2017-06-30,63512000,707814,89.0,KILTEARN PARTNERS LLP,SHR,2017-03-31,67980000,853914,79.0,-146100,10.0,SELL-PARTIAL,5 - Large
17,L,KILTEARN PARTNERS LLP,SHR,2017-06-30,22718000,485327,46.0,KILTEARN PARTNERS LLP,SHR,2017-03-31,128154000,2740100,46.0,-2254773,0.0,SELL-PARTIAL,5 - Large
0,C,KILTEARN PARTNERS LLP,SHR,2017-09-30,321824000,4424311,72.0,KILTEARN PARTNERS LLP,SHR,2017-06-30,303549000,4538711,66.0,-114400,6.0,BUY-MORE,5 - Large
1,GS,KILTEARN PARTNERS LLP,SHR,2017-09-30,319646000,1347637,237.0,KILTEARN PARTNERS LLP,SHR,2017-06-30,297243000,1339537,221.0,8100,16.0,BUY-MORE,5 - Large
2,BEN,KILTEARN PARTNERS LLP,SHR,2017-09-30,274075000,6157600,44.0,KILTEARN PARTNERS LLP,SHR,2017-06-30,274057000,6118700,44.0,38900,0.0,BUY-MORE,6 - Mega
3,AXP,KILTEARN PARTNERS LLP,SHR,2017-09-30,224362000,2480235,90.0,KILTEARN PARTNERS LLP,SHR,2017-06-30,212260000,2519700,84.0,-39465,6.0,BUY-MORE,5 - Large
4,MCK,KILTEARN PARTNERS LLP,SHR,2017-09-30,214982000,1399532,153.0,KILTEARN PARTNERS LLP,SHR,2017-06-30,204380000,1242132,164.0,157400,-11.0,BUY-MORE,6 - Mega
5,MS,KILTEARN PARTNERS LLP,SHR,2017-09-30,209115000,4341197,48.0,KILTEARN PARTNERS LLP,SHR,2017-06-30,196714000,4414597,44.0,-73400,4.0,BUY-MORE,5 - Large
6,IVZ,KILTEARN PARTNERS LLP,SHR,2017-09-30,203351000,5803410,35.0,KILTEARN PARTNERS LLP,SHR,2017-06-30,202888000,5765510,35.0,37900,0.0,BUY-MORE,5 - Large
7,HOG,KILTEARN PARTNERS LLP,SHR,2017-09-30,173874000,3606600,48.0,KILTEARN PARTNERS LLP,SHR,2017-06-30,149057000,2759300,54.0,847300,-6.0,SELL-PARTIAL,5 - Large
8,CVS,KILTEARN PARTNERS LLP,SHR,2017-09-30,167942000,2065200,81.0,KILTEARN PARTNERS LLP,SHR,2017-06-30,48582000,603800,80.0,1461400,1.0,BUY-MORE,5 - Large
9,Y,KILTEARN PARTNERS LLP,SHR,2017-09-30,165028000,297880,554.0,KILTEARN PARTNERS LLP,SHR,2017-06-30,153803000,258580,594.0,39300,-40.0,SELL-PARTIAL,6 - Mega
10,UNFI,KILTEARN PARTNERS LLP,SHR,2017-09-30,156746000,3768839,41.0,KILTEARN PARTNERS LLP,SHR,2017-06-30,74701000,2035445,36.0,1733394,5.0,SELL-PARTIAL,5 - Large
11,PII,KILTEARN PARTNERS LLP,SHR,2017-09-30,139584000,1334076,104.0,KILTEARN PARTNERS LLP,SHR,2017-06-30,161944000,1755876,92.0,-421800,12.0,SELL-PARTIAL,5 - Large
12,HP,KILTEARN PARTNERS LLP,SHR,2017-09-30,131114000,2516102,52.0,KILTEARN PARTNERS LLP,SHR,2017-06-30,124401000,2289302,54.0,226800,-2.0,SELL-PARTIAL,5 - Large
13,ARW,KILTEARN PARTNERS LLP,SHR,2017-09-30,128447000,1597400,80.0,KILTEARN PARTNERS LLP,SHR,2017-06-30,124421000,1586600,78.0,10800,2.0,SELL-PARTIAL,5 - Large
14,BWA,KILTEARN PARTNERS LLP,SHR,2017-09-30,95116000,1856652,51.0,KILTEARN PARTNERS LLP,SHR,2017-06-30,133538000,3152452,42.0,-1295800,9.0,SELL-PARTIAL,5 - Large
15,AN,KILTEARN PARTNERS LLP,SHR,2017-09-30,87795000,1849874,47.0,KILTEARN PARTNERS LLP,SHR,2017-06-30,85964000,2039000,42.0,-189126,5.0,SELL-PARTIAL,5 - Large
16,VIAB,KILTEARN PARTNERS LLP,SHR,2017-09-30,72607000,2608000,27.0,KILTEARN PARTNERS LLP,SHR,2017-06-30,40845000,1216700,33.0,1391300,-6.0,SELL-PARTIAL,5 - Large
17,GLW,KILTEARN PARTNERS LLP,SHR,2017-09-30,69737000,2330779,29.0,KILTEARN PARTNERS LLP,SHR,2017-06-30,69595000,2315979,30.0,14800,-1.0,SELL-PARTIAL,5 - Large
18,WSM,KILTEARN PARTNERS LLP,SHR,2017-09-30,58089000,1165047,49.0,KILTEARN PARTNERS LLP,SHR,2017-06-30,38846000,800947,48.0,364100,1.0,SELL-PARTIAL,4 - Mid
19,STT,KILTEARN PARTNERS LLP,SHR,2017-09-30,51390000,537895,95.0,KILTEARN PARTNERS LLP,SHR,2017-06-30,63512000,707814,89.0,-169919,6.0,BUY-MORE,5 - Large
0,GS,KILTEARN PARTNERS LLP,SHR,2017-12-31,348419000,1367637,254.0,KILTEARN PARTNERS LLP,SHR,2017-09-30,319646000,1347637,237.0,20000,17.0,BUY-MORE,5 - Large
1,C,KILTEARN PARTNERS LLP,SHR,2017-12-31,308723000,4148951,74.0,KILTEARN PARTNERS LLP,SHR,2017-09-30,321824000,4424311,72.0,-275360,2.0,BUY-MORE,5 - Large
2,BEN,KILTEARN PARTNERS LLP,SHR,2017-12-31,282512000,6520000,43.0,KILTEARN PARTNERS LLP,SHR,2017-09-30,274075000,6157600,44.0,362400,-1.0,BUY-MORE,6 - Mega
3,MCK,KILTEARN PARTNERS LLP,SHR,2017-12-31,281037000,1802098,155.0,KILTEARN PARTNERS LLP,SHR,2017-09-30,214982000,1399532,153.0,402566,2.0,BUY-MORE,5 - Large
4,CVS,KILTEARN PARTNERS LLP,SHR,2017-12-31,227650000,3139995,72.0,KILTEARN PARTNERS LLP,SHR,2017-09-30,167942000,2065200,81.0,1074795,-9.0,BUY-MORE,6 - Mega
5,IVZ,KILTEARN PARTNERS LLP,SHR,2017-12-31,217384000,5949210,36.0,KILTEARN PARTNERS LLP,SHR,2017-09-30,203351000,5803410,35.0,145800,1.0,BUY-MORE,5 - Large
6,HOG,KILTEARN PARTNERS LLP,SHR,2017-12-31,209351000,4114600,50.0,KILTEARN PARTNERS LLP,SHR,2017-09-30,173874000,3606600,48.0,508000,2.0,BUY-MORE,5 - Large
7,UNFI,KILTEARN PARTNERS LLP,SHR,2017-12-31,204934000,4159404,49.0,KILTEARN PARTNERS LLP,SHR,2017-09-30,156746000,3768839,41.0,390565,8.0,SELL-PARTIAL,5 - Large
8,AXP,KILTEARN PARTNERS LLP,SHR,2017-12-31,201293000,2026915,99.0,KILTEARN PARTNERS LLP,SHR,2017-09-30,224362000,2480235,90.0,-453320,9.0,BUY-MORE,5 - Large
9,SLB,KILTEARN PARTNERS LLP,SHR,2017-12-31,183488000,2722773,67.0,KILTEARN PARTNERS LLP,SHR,2017-09-30,54099000,775500,69.0,1947273,-2.0,SELL-PARTIAL,6 - Mega
10,Y,KILTEARN PARTNERS LLP,SHR,2017-12-31,180246000,302380,596.0,KILTEARN PARTNERS LLP,SHR,2017-09-30,165028000,297880,554.0,4500,42.0,SELL-PARTIAL,5 - Large
11,HP,KILTEARN PARTNERS LLP,SHR,2017-12-31,165323000,2557602,64.0,KILTEARN PARTNERS LLP,SHR,2017-09-30,131114000,2516102,52.0,41500,12.0,SELL-PARTIAL,5 - Large
12,MS,KILTEARN PARTNERS LLP,SHR,2017-12-31,164080000,3127125,52.0,KILTEARN PARTNERS LLP,SHR,2017-09-30,209115000,4341197,48.0,-1214072,4.0,SELL-PARTIAL,5 - Large
13,VIAB,KILTEARN PARTNERS LLP,SHR,2017-12-31,155208000,5037600,30.0,KILTEARN PARTNERS LLP,SHR,2017-09-30,72607000,2608000,27.0,2429600,3.0,SELL-PARTIAL,5 - Large
14,GE,KILTEARN PARTNERS LLP,SHR,2017-12-31,145055000,8312607,17.0,KILTEARN PARTNERS LLP,SHR,2017-09-30,102088000,4222000,24.0,4090607,-7.0,SELL-PARTIAL,5 - Large
15,ARW,KILTEARN PARTNERS LLP,SHR,2017-12-31,130562000,1623700,80.0,KILTEARN PARTNERS LLP,SHR,2017-09-30,128447000,1597400,80.0,26300,0.0,SELL-PARTIAL,5 - Large
16,AN,KILTEARN PARTNERS LLP,SHR,2017-12-31,96427000,1878574,51.0,KILTEARN PARTNERS LLP,SHR,2017-09-30,87795000,1849874,47.0,28700,4.0,SELL-PARTIAL,5 - Large
17,WSM,KILTEARN PARTNERS LLP,SHR,2017-12-31,61282000,1185347,51.0,KILTEARN PARTNERS LLP,SHR,2017-09-30,58089000,1165047,49.0,20300,2.0,SELL-PARTIAL,5 - Large
18,PII,KILTEARN PARTNERS LLP,SHR,2017-12-31,31753000,256097,123.0,KILTEARN PARTNERS LLP,SHR,2017-09-30,139584000,1334076,104.0,-1077979,19.0,SELL-PARTIAL,4 - Mid
0,GS,KILTEARN PARTNERS LLP,SHR,2018-03-31,342868000,1374937,249.0,KILTEARN PARTNERS LLP,SHR,2017-12-31,348419000,1367637,254.0,7300,-5.0,BUY-MORE,5 - Large
1,C,KILTEARN PARTNERS LLP,SHR,2018-03-31,284893000,4173651,68.0,KILTEARN PARTNERS LLP,SHR,2017-12-31,308723000,4148951,74.0,24700,-6.0,BUY-MORE,5 - Large
2,MCK,KILTEARN PARTNERS LLP,SHR,2018-03-31,269350000,1914898,140.0,KILTEARN PARTNERS LLP,SHR,2017-12-31,281037000,1802098,155.0,112800,-15.0,BUY-MORE,6 - Mega
3,BEN,KILTEARN PARTNERS LLP,SHR,2018-03-31,248297000,7279300,34.0,KILTEARN PARTNERS LLP,SHR,2017-12-31,282512000,6520000,43.0,759300,-9.0,BUY-MORE,5 - Large
4,IVZ,KILTEARN PARTNERS LLP,SHR,2018-03-31,224387000,7127910,31.0,KILTEARN PARTNERS LLP,SHR,2017-12-31,217384000,5949210,36.0,1178700,-5.0,BUY-MORE,6 - Mega
5,CVS,KILTEARN PARTNERS LLP,SHR,2018-03-31,205206000,3272295,62.0,KILTEARN PARTNERS LLP,SHR,2017-12-31,227650000,3139995,72.0,132300,-10.0,BUY-MORE,5 - Large
6,HOG,KILTEARN PARTNERS LLP,SHR,2018-03-31,190652000,4467000,42.0,KILTEARN PARTNERS LLP,SHR,2017-12-31,209351000,4114600,50.0,352400,-8.0,BUY-MORE,5 - Large
7,GE,KILTEARN PARTNERS LLP,SHR,2018-03-31,188527000,13781207,13.0,KILTEARN PARTNERS LLP,SHR,2017-12-31,145055000,8312607,17.0,5468600,-4.0,SELL-PARTIAL,5 - Large
8,AXP,KILTEARN PARTNERS LLP,SHR,2018-03-31,187971000,2038515,92.0,KILTEARN PARTNERS LLP,SHR,2017-12-31,201293000,2026915,99.0,11600,-7.0,BUY-MORE,5 - Large
9,SLB,KILTEARN PARTNERS LLP,SHR,2018-03-31,182700000,2890373,63.0,KILTEARN PARTNERS LLP,SHR,2017-12-31,183488000,2722773,67.0,167600,-4.0,SELL-PARTIAL,6 - Mega
10,UNFI,KILTEARN PARTNERS LLP,SHR,2018-03-31,178560000,4182704,42.0,KILTEARN PARTNERS LLP,SHR,2017-12-31,204934000,4159404,49.0,23300,-7.0,SELL-PARTIAL,5 - Large
11,Y,KILTEARN PARTNERS LLP,SHR,2018-03-31,171978000,284280,604.0,KILTEARN PARTNERS LLP,SHR,2017-12-31,180246000,302380,596.0,-18100,8.0,SELL-PARTIAL,5 - Large
12,KT,KILTEARN PARTNERS LLP,SHR,2018-03-31,143836000,10726059,13.0,KILTEARN PARTNERS LLP,SHR,2017-12-31,162276000,10395659,15.0,330400,-2.0,SELL-PARTIAL,5 - Large
13,OMC,KILTEARN PARTNERS LLP,SHR,2018-03-31,135118000,1860099,72.0,KILTEARN PARTNERS LLP,SHR,2017-12-31,97767000,1342399,72.0,517700,0.0,SELL-PARTIAL,5 - Large
14,ARW,KILTEARN PARTNERS LLP,SHR,2018-03-31,123743000,1634000,75.0,KILTEARN PARTNERS LLP,SHR,2017-12-31,130562000,1623700,80.0,10300,-5.0,SELL-PARTIAL,5 - Large
15,MS,KILTEARN PARTNERS LLP,SHR,2018-03-31,123403000,2332325,52.0,KILTEARN PARTNERS LLP,SHR,2017-12-31,164080000,3127125,52.0,-794800,0.0,SELL-PARTIAL,5 - Large
16,VIAB,KILTEARN PARTNERS LLP,SHR,2018-03-31,119302000,3914100,30.0,KILTEARN PARTNERS LLP,SHR,2017-12-31,155208000,5037600,30.0,-1123500,0.0,SELL-PARTIAL,5 - Large
17,AZO,KILTEARN PARTNERS LLP,SHR,2018-03-31,91032000,142851,637.0,KILTEARN PARTNERS LLP,SHR,2017-12-31,101122000,142151,711.0,700,-74.0,SELL-PARTIAL,5 - Large
18,AN,KILTEARN PARTNERS LLP,SHR,2018-03-31,86724000,1891474,45.0,KILTEARN PARTNERS LLP,SHR,2017-12-31,96427000,1878574,51.0,12900,-6.0,SELL-PARTIAL,4 - Mid
19,WSM,KILTEARN PARTNERS LLP,SHR,2018-03-31,61899000,1194047,51.0,KILTEARN PARTNERS LLP,SHR,2017-12-31,61282000,1185347,51.0,8700,0.0,BUY-MORE,5 - Large
0,GS,KILTEARN PARTNERS LLP,SHR,2018-06-30,277551000,1258337,220.0,KILTEARN PARTNERS LLP,SHR,2018-03-31,342868000,1374937,249.0,-116600,-29.0,BUY-MORE,5 - Large
1,C,KILTEARN PARTNERS LLP,SHR,2018-06-30,272482000,4071751,66.0,KILTEARN PARTNERS LLP,SHR,2018-03-31,284893000,4173651,68.0,-101900,-2.0,BUY-MORE,5 - Large
2,BEN,KILTEARN PARTNERS LLP,SHR,2018-06-30,257653000,8039100,32.0,KILTEARN PARTNERS LLP,SHR,2018-03-31,248297000,7279300,34.0,759800,-2.0,BUY-MORE,6 - Mega
3,MCK,KILTEARN PARTNERS LLP,SHR,2018-06-30,249444000,1869898,133.0,KILTEARN PARTNERS LLP,SHR,2018-03-31,269350000,1914898,140.0,-45000,-7.0,BUY-MORE,5 - Large
4,CVS,KILTEARN PARTNERS LLP,SHR,2018-06-30,205688000,3196395,64.0,KILTEARN PARTNERS LLP,SHR,2018-03-31,205206000,3272295,62.0,-75900,2.0,BUY-MORE,6 - Mega
5,IVZ,KILTEARN PARTNERS LLP,SHR,2018-06-30,195615000,7365010,26.0,KILTEARN PARTNERS LLP,SHR,2018-03-31,224387000,7127910,31.0,237100,-5.0,BUY-MORE,5 - Large
6,GE,KILTEARN PARTNERS LLP,SHR,2018-06-30,195049000,14331307,13.0,KILTEARN PARTNERS LLP,SHR,2018-03-31,188527000,13781207,13.0,550100,0.0,BUY-MORE,5 - Large
7,SLB,KILTEARN PARTNERS LLP,SHR,2018-06-30,190001000,2834573,67.0,KILTEARN PARTNERS LLP,SHR,2018-03-31,182700000,2890373,63.0,-55800,4.0,SELL-PARTIAL,5 - Large
8,AXP,KILTEARN PARTNERS LLP,SHR,2018-06-30,188994000,1928515,97.0,KILTEARN PARTNERS LLP,SHR,2018-03-31,187971000,2038515,92.0,-110000,5.0,BUY-MORE,5 - Large
9,HOG,KILTEARN PARTNERS LLP,SHR,2018-06-30,188103000,4470132,42.0,KILTEARN PARTNERS LLP,SHR,2018-03-31,190652000,4467000,42.0,3132,0.0,SELL-PARTIAL,6 - Mega
10,JCI,KILTEARN PARTNERS LLP,SHR,2018-06-30,177691000,5312126,33.0,KILTEARN PARTNERS LLP,SHR,2018-03-31,147481000,4301000,34.0,1011126,-1.0,SELL-PARTIAL,5 - Large
11,UNFI,KILTEARN PARTNERS LLP,SHR,2018-06-30,174147000,4082204,42.0,KILTEARN PARTNERS LLP,SHR,2018-03-31,178560000,4182704,42.0,-100500,0.0,SELL-PARTIAL,5 - Large
12,XOM,KILTEARN PARTNERS LLP,SHR,2018-06-30,172717000,2087725,82.0,KILTEARN PARTNERS LLP,SHR,2018-03-31,95032000,1305200,72.0,782525,10.0,SELL-PARTIAL,5 - Large
13,VIAB,KILTEARN PARTNERS LLP,SHR,2018-06-30,140681000,4664500,30.0,KILTEARN PARTNERS LLP,SHR,2018-03-31,119302000,3914100,30.0,750400,0.0,SELL-PARTIAL,5 - Large
14,KT,KILTEARN PARTNERS LLP,SHR,2018-06-30,138971000,10464659,13.0,KILTEARN PARTNERS LLP,SHR,2018-03-31,143836000,10726059,13.0,-261400,0.0,SELL-PARTIAL,5 - Large
15,OMC,KILTEARN PARTNERS LLP,SHR,2018-06-30,138605000,1817299,76.0,KILTEARN PARTNERS LLP,SHR,2018-03-31,135118000,1860099,72.0,-42800,4.0,SELL-PARTIAL,5 - Large
16,Y,KILTEARN PARTNERS LLP,SHR,2018-06-30,134474000,233880,574.0,KILTEARN PARTNERS LLP,SHR,2018-03-31,171978000,284280,604.0,-50400,-30.0,SELL-PARTIAL,5 - Large
17,NLSN,KILTEARN PARTNERS LLP,SHR,2018-06-30,126051000,4075348,30.0,KILTEARN PARTNERS LLP,SHR,2018-03-31,85454000,2648100,32.0,1427248,-2.0,SELL-PARTIAL,5 - Large
18,ARW,KILTEARN PARTNERS LLP,SHR,2018-06-30,119966000,1593600,75.0,KILTEARN PARTNERS LLP,SHR,2018-03-31,123743000,1634000,75.0,-40400,0.0,SELL-PARTIAL,4 - Mid
19,BKR,KILTEARN PARTNERS LLP,SHR,2018-06-30,117148000,3546700,33.0,KILTEARN PARTNERS LLP,SHR,2018-03-31,101956000,3632200,28.0,-85500,5.0,BUY-MORE,5 - Large
20,MS,KILTEARN PARTNERS LLP,SHR,2018-06-30,102049000,2152925,47.0,KILTEARN PARTNERS LLP,SHR,2018-03-31,123403000,2332325,52.0,-179400,-5.0,BUY-MORE,3 - Small
21,AAP,KILTEARN PARTNERS LLP,SHR,2018-06-30,94176000,694000,135.0,KILTEARN PARTNERS LLP,SHR,2018-03-31,82404000,710500,115.0,-16500,20.0,SELL-PARTIAL,4 - Mid
22,AZO,KILTEARN PARTNERS LLP,SHR,2018-06-30,93293000,139051,670.0,KILTEARN PARTNERS LLP,SHR,2018-03-31,91032000,142851,637.0,-3800,33.0,SELL-PARTIAL,6 - Mega
23,AN,KILTEARN PARTNERS LLP,SHR,2018-06-30,83523000,1719295,48.0,KILTEARN PARTNERS LLP,SHR,2018-03-31,86724000,1891474,45.0,-172179,3.0,BUY-MORE,5 - Large
24,WSM,KILTEARN PARTNERS LLP,SHR,2018-06-30,53361000,869347,61.0,KILTEARN PARTNERS LLP,SHR,2018-03-31,61899000,1194047,51.0,-324700,10.0,BUY-MORE,4 - Mid
25,INFY,KILTEARN PARTNERS LLP,SHR,2018-06-30,50364000,2592092,19.0,KILTEARN PARTNERS LLP,SHR,2018-03-31,43597000,2464500,17.0,127592,2.0,BUY-MORE,6 - Mega
0,C,KILTEARN PARTNERS LLP,SHR,2018-09-30,288256000,4018059,71.0,KILTEARN PARTNERS LLP,SHR,2018-06-30,272482000,4071751,66.0,-53692,5.0,BUY-MORE,5 - Large
1,GS,KILTEARN PARTNERS LLP,SHR,2018-09-30,278537000,1242137,224.0,KILTEARN PARTNERS LLP,SHR,2018-06-30,277551000,1258337,220.0,-16200,4.0,BUY-MORE,5 - Large
2,MCK,KILTEARN PARTNERS LLP,SHR,2018-09-30,270692000,2040651,132.0,KILTEARN PARTNERS LLP,SHR,2018-06-30,249444000,1869898,133.0,170753,-1.0,BUY-MORE,6 - Mega
3,CVS,KILTEARN PARTNERS LLP,SHR,2018-09-30,248188000,3152795,78.0,KILTEARN PARTNERS LLP,SHR,2018-06-30,205688000,3196395,64.0,-43600,14.0,BUY-MORE,5 - Large
4,BEN,KILTEARN PARTNERS LLP,SHR,2018-09-30,246011000,8089794,30.0,KILTEARN PARTNERS LLP,SHR,2018-06-30,257653000,8039100,32.0,50694,-2.0,BUY-MORE,6 - Mega
5,HOG,KILTEARN PARTNERS LLP,SHR,2018-09-30,209500000,4624730,45.0,KILTEARN PARTNERS LLP,SHR,2018-06-30,188103000,4470132,42.0,154598,3.0,BUY-MORE,5 - Large
6,GE,KILTEARN PARTNERS LLP,SHR,2018-09-30,205391000,18192334,11.0,KILTEARN PARTNERS LLP,SHR,2018-06-30,195049000,14331307,13.0,3861027,-2.0,BUY-MORE,5 - Large
7,IVZ,KILTEARN PARTNERS LLP,SHR,2018-09-30,200390000,8758297,22.0,KILTEARN PARTNERS LLP,SHR,2018-06-30,195615000,7365010,26.0,1393287,-4.0,SELL-PARTIAL,5 - Large
8,JCI,KILTEARN PARTNERS LLP,SHR,2018-09-30,190656000,5447300,35.0,KILTEARN PARTNERS LLP,SHR,2018-06-30,177691000,5312126,33.0,135174,2.0,BUY-MORE,5 - Large
9,SLB,KILTEARN PARTNERS LLP,SHR,2018-09-30,182119000,2989473,60.0,KILTEARN PARTNERS LLP,SHR,2018-06-30,190001000,2834573,67.0,154900,-7.0,SELL-PARTIAL,6 - Mega
10,XOM,KILTEARN PARTNERS LLP,SHR,2018-09-30,175347000,2062425,85.0,KILTEARN PARTNERS LLP,SHR,2018-06-30,172717000,2087725,82.0,-25300,3.0,SELL-PARTIAL,5 - Large
11,AXP,KILTEARN PARTNERS LLP,SHR,2018-09-30,155777000,1462834,106.0,KILTEARN PARTNERS LLP,SHR,2018-06-30,188994000,1928515,97.0,-465681,9.0,SELL-PARTIAL,5 - Large
12,VIAB,KILTEARN PARTNERS LLP,SHR,2018-09-30,155644000,4610300,33.0,KILTEARN PARTNERS LLP,SHR,2018-06-30,140681000,4664500,30.0,-54200,3.0,SELL-PARTIAL,5 - Large
13,KT,KILTEARN PARTNERS LLP,SHR,2018-09-30,153413000,10330859,14.0,KILTEARN PARTNERS LLP,SHR,2018-06-30,138971000,10464659,13.0,-133800,1.0,SELL-PARTIAL,5 - Large
14,NLSN,KILTEARN PARTNERS LLP,SHR,2018-09-30,143944000,5204048,27.0,KILTEARN PARTNERS LLP,SHR,2018-06-30,126051000,4075348,30.0,1128700,-3.0,SELL-PARTIAL,5 - Large
15,UNFI,KILTEARN PARTNERS LLP,SHR,2018-09-30,134139000,4478758,29.0,KILTEARN PARTNERS LLP,SHR,2018-06-30,174147000,4082204,42.0,396554,-13.0,SELL-PARTIAL,5 - Large
16,Y,KILTEARN PARTNERS LLP,SHR,2018-09-30,133038000,203880,652.0,KILTEARN PARTNERS LLP,SHR,2018-06-30,134474000,233880,574.0,-30000,78.0,SELL-PARTIAL,5 - Large
17,OMC,KILTEARN PARTNERS LLP,SHR,2018-09-30,132909000,1953965,68.0,KILTEARN PARTNERS LLP,SHR,2018-06-30,138605000,1817299,76.0,136666,-8.0,SELL-PARTIAL,5 - Large
18,BKR,KILTEARN PARTNERS LLP,SHR,2018-09-30,118456000,3501500,33.0,KILTEARN PARTNERS LLP,SHR,2018-06-30,117148000,3546700,33.0,-45200,0.0,SELL-PARTIAL,4 - Mid
19,ARW,KILTEARN PARTNERS LLP,SHR,2018-09-30,116013000,1573700,73.0,KILTEARN PARTNERS LLP,SHR,2018-06-30,119966000,1593600,75.0,-19900,-2.0,BUY-MORE,5 - Large
20,KMB,KILTEARN PARTNERS LLP,SHR,2018-09-30,115424000,1015699,113.0,KILTEARN PARTNERS LLP,SHR,2018-06-30,108331000,1028395,105.0,-12696,8.0,BUY-MORE,3 - Small
21,AZO,KILTEARN PARTNERS LLP,SHR,2018-09-30,106466000,137251,775.0,KILTEARN PARTNERS LLP,SHR,2018-06-30,93293000,139051,670.0,-1800,105.0,SELL-PARTIAL,4 - Mid
22,WFC,KILTEARN PARTNERS LLP,SHR,2018-09-30,95720000,1821158,52.0,KILTEARN PARTNERS LLP,SHR,2018-06-30,102257000,1844458,55.0,-23300,-3.0,SELL-PARTIAL,6 - Mega
23,MS,KILTEARN PARTNERS LLP,SHR,2018-09-30,92975000,1996453,46.0,KILTEARN PARTNERS LLP,SHR,2018-06-30,102049000,2152925,47.0,-156472,-1.0,BUY-MORE,5 - Large
24,ZBH,KILTEARN PARTNERS LLP,SHR,2018-09-30,91845000,698600,131.0,KILTEARN PARTNERS LLP,SHR,2018-06-30,70095000,628993,111.0,69607,20.0,BUY-MORE,4 - Mid
25,PG,KILTEARN PARTNERS LLP,SHR,2018-09-30,38427000,461700,83.0,KILTEARN PARTNERS LLP,SHR,2018-06-30,25487000,326500,78.0,135200,5.0,BUY-MORE,6 - Mega
26,AAP,KILTEARN PARTNERS LLP,SHR,2018-09-30,35081000,208405,168.0,KILTEARN PARTNERS LLP,SHR,2018-06-30,94176000,694000,135.0,-485595,33.0,SELL-PARTIAL,5 - Large
27,AN,KILTEARN PARTNERS LLP,SHR,2018-09-30,25789000,620670,41.0,KILTEARN PARTNERS LLP,SHR,2018-06-30,83523000,1719295,48.0,-1098625,-7.0,SELL-PARTIAL,4 - Mid
0,BEN,KILTEARN PARTNERS LLP,SHR,2018-12-31,250932000,8460294,29.0,KILTEARN PARTNERS LLP,SHR,2018-09-30,246011000,8089794,30.0,370500,-1.0,BUY-MORE,5 - Large
1,MCK,KILTEARN PARTNERS LLP,SHR,2018-12-31,234279000,2120751,110.0,KILTEARN PARTNERS LLP,SHR,2018-09-30,270692000,2040651,132.0,80100,-22.0,BUY-MORE,5 - Large
2,C,KILTEARN PARTNERS LLP,SHR,2018-12-31,217291000,4173859,52.0,KILTEARN PARTNERS LLP,SHR,2018-09-30,288256000,4018059,71.0,155800,-19.0,BUY-MORE,6 - Mega
3,GS,KILTEARN PARTNERS LLP,SHR,2018-12-31,208998000,1251108,167.0,KILTEARN PARTNERS LLP,SHR,2018-09-30,278537000,1242137,224.0,8971,-57.0,BUY-MORE,5 - Large
4,GE,KILTEARN PARTNERS LLP,SHR,2018-12-31,174401000,23038434,7.0,KILTEARN PARTNERS LLP,SHR,2018-09-30,205391000,18192334,11.0,4846100,-4.0,BUY-MORE,6 - Mega
5,SLB,KILTEARN PARTNERS LLP,SHR,2018-12-31,164311000,4554073,36.0,KILTEARN PARTNERS LLP,SHR,2018-09-30,182119000,2989473,60.0,1564600,-24.0,BUY-MORE,5 - Large
6,HOG,KILTEARN PARTNERS LLP,SHR,2018-12-31,162122000,4751530,34.0,KILTEARN PARTNERS LLP,SHR,2018-09-30,209500000,4624730,45.0,126800,-11.0,BUY-MORE,5 - Large
7,JCI,KILTEARN PARTNERS LLP,SHR,2018-12-31,160404000,5409900,29.0,KILTEARN PARTNERS LLP,SHR,2018-09-30,190656000,5447300,35.0,-37400,-6.0,SELL-PARTIAL,5 - Large
8,IVZ,KILTEARN PARTNERS LLP,SHR,2018-12-31,150638000,8998697,16.0,KILTEARN PARTNERS LLP,SHR,2018-09-30,200390000,8758297,22.0,240400,-6.0,BUY-MORE,5 - Large
9,XOM,KILTEARN PARTNERS LLP,SHR,2018-12-31,139607000,2047325,68.0,KILTEARN PARTNERS LLP,SHR,2018-09-30,175347000,2062425,85.0,-15100,-17.0,SELL-PARTIAL,6 - Mega
10,CVS,KILTEARN PARTNERS LLP,SHR,2018-12-31,130216000,1987417,65.0,KILTEARN PARTNERS LLP,SHR,2018-09-30,248188000,3152795,78.0,-1165378,-13.0,SELL-PARTIAL,5 - Large
11,AXP,KILTEARN PARTNERS LLP,SHR,2018-12-31,125803000,1319796,95.0,KILTEARN PARTNERS LLP,SHR,2018-09-30,155777000,1462834,106.0,-143038,-11.0,SELL-PARTIAL,5 - Large
12,KT,KILTEARN PARTNERS LLP,SHR,2018-12-31,125370000,8816459,14.0,KILTEARN PARTNERS LLP,SHR,2018-09-30,153413000,10330859,14.0,-1514400,0.0,SELL-PARTIAL,5 - Large
13,NLSN,KILTEARN PARTNERS LLP,SHR,2018-12-31,120694000,5173348,23.0,KILTEARN PARTNERS LLP,SHR,2018-09-30,143944000,5204048,27.0,-30700,-4.0,SELL-PARTIAL,5 - Large
14,VIAB,KILTEARN PARTNERS LLP,SHR,2018-12-31,117691000,4579400,25.0,KILTEARN PARTNERS LLP,SHR,2018-09-30,155644000,4610300,33.0,-30900,-8.0,SELL-PARTIAL,5 - Large
15,KMB,KILTEARN PARTNERS LLP,SHR,2018-12-31,114863000,1008099,113.0,KILTEARN PARTNERS LLP,SHR,2018-09-30,115424000,1015699,113.0,-7600,0.0,SELL-PARTIAL,5 - Large
16,OMC,KILTEARN PARTNERS LLP,SHR,2018-12-31,101420000,1384765,73.0,KILTEARN PARTNERS LLP,SHR,2018-09-30,132909000,1953965,68.0,-569200,5.0,SELL-PARTIAL,5 - Large
17,AZO,KILTEARN PARTNERS LLP,SHR,2018-12-31,101147000,120651,838.0,KILTEARN PARTNERS LLP,SHR,2018-09-30,106466000,137251,775.0,-16600,63.0,SELL-PARTIAL,5 - Large
18,ARW,KILTEARN PARTNERS LLP,SHR,2018-12-31,97185000,1409500,68.0,KILTEARN PARTNERS LLP,SHR,2018-09-30,116013000,1573700,73.0,-164200,-5.0,SELL-PARTIAL,4 - Mid
19,MS,KILTEARN PARTNERS LLP,SHR,2018-12-31,94841000,2391953,39.0,KILTEARN PARTNERS LLP,SHR,2018-09-30,92975000,1996453,46.0,395500,-7.0,BUY-MORE,5 - Large
20,BKR,KILTEARN PARTNERS LLP,SHR,2018-12-31,86578000,4026900,21.0,KILTEARN PARTNERS LLP,SHR,2018-09-30,118456000,3501500,33.0,525400,-12.0,BUY-MORE,3 - Small
21,Y,KILTEARN PARTNERS LLP,SHR,2018-12-31,83886000,134580,623.0,KILTEARN PARTNERS LLP,SHR,2018-09-30,133038000,203880,652.0,-69300,-29.0,SELL-PARTIAL,4 - Mid
22,WFC,KILTEARN PARTNERS LLP,SHR,2018-12-31,83555000,1813258,46.0,KILTEARN PARTNERS LLP,SHR,2018-09-30,95720000,1821158,52.0,-7900,-6.0,SELL-PARTIAL,6 - Mega
23,ZBH,KILTEARN PARTNERS LLP,SHR,2018-12-31,82634000,796700,103.0,KILTEARN PARTNERS LLP,SHR,2018-09-30,91845000,698600,131.0,98100,-28.0,BUY-MORE,5 - Large
24,UNFI,KILTEARN PARTNERS LLP,SHR,2018-12-31,50047000,4725904,10.0,KILTEARN PARTNERS LLP,SHR,2018-09-30,134139000,4478758,29.0,247146,-19.0,BUY-MORE,4 - Mid
